Date,Day,Month,Year,Hour,Name,Emojis
2021-12-01,1,12,2021,14,Bego,ğŸŒ¸
2021-01-14,14,1,2021,10,Bego,â˜€
2021-01-14,14,1,2021,10,Bego,â˜€
2021-01-14,14,1,2021,10,Bego,â˜€
2021-01-14,14,1,2021,10,Bego,â˜€
2021-01-14,14,1,2021,10,Bego,â˜€
2021-01-14,14,1,2021,10,Bego,â˜€
2021-01-14,14,1,2021,10,Bego,â¤
2021-01-14,14,1,2021,11,Ju,ğŸ’“
2021-01-14,14,1,2021,11,Ju,ğŸ’“
2021-01-14,14,1,2021,11,Ju,ğŸ’“
2021-01-14,14,1,2021,11,Ju,ğŸ’•
2021-01-14,14,1,2021,15,Bego,ğŸ˜ˆ
2021-01-14,14,1,2021,17,Ju,ğŸ’“
2021-01-14,14,1,2021,18,Ju,ğŸ¤·
2021-01-14,14,1,2021,18,Ju,ğŸ˜¥
2021-01-15,15,1,2021,15,Bego,â¤
2021-01-15,15,1,2021,16,Bego,ğŸŒ¹
2021-01-15,15,1,2021,16,Bego,ğŸŒ¹
2021-01-15,15,1,2021,16,Bego,ğŸŒ¹
2021-01-15,15,1,2021,16,Bego,ğŸŒ¹
2021-01-15,15,1,2021,16,Bego,âœ¨
2021-01-17,17,1,2021,22,Ju,ğŸ˜‚
2021-01-17,17,1,2021,22,Ju,ğŸ˜‚
2021-01-17,17,1,2021,22,Ju,ğŸ˜‚
2021-01-17,17,1,2021,22,Ju,ğŸ˜‚
2021-01-17,17,1,2021,22,Ju,ğŸ˜‚
2021-01-17,17,1,2021,22,Ju,ğŸ˜‚
2021-01-17,17,1,2021,22,Ju,ğŸ˜‚
2021-01-17,17,1,2021,22,Ju,ğŸ˜‚
2021-01-17,17,1,2021,22,Ju,ğŸ˜‚
2021-01-17,17,1,2021,22,Ju,ğŸ˜‚
2021-01-17,17,1,2021,23,Bego,ğŸ¥°
2021-01-17,17,1,2021,23,Bego,ğŸ’”
2021-01-17,17,1,2021,23,Ju,ğŸ˜¥
2021-01-17,17,1,2021,23,Ju,ğŸ’“
2021-01-18,18,1,2021,15,Bego,â¤
2021-01-20,20,1,2021,11,Ju,ğŸ’“
2021-01-22,22,1,2021,10,Ju,ğŸ˜³
2021-01-22,22,1,2021,13,Ju,ğŸ˜‚
2021-01-22,22,1,2021,13,Ju,ğŸ˜‚
2021-01-22,22,1,2021,13,Ju,ğŸ¥º
2021-01-22,22,1,2021,13,Ju,ğŸ˜‚
2021-01-22,22,1,2021,13,Ju,ğŸ˜‚
2021-01-22,22,1,2021,13,Ju,ğŸ˜‚
2021-01-22,22,1,2021,13,Ju,ğŸ˜‚
2021-01-22,22,1,2021,13,Bego,ğŸ™
2021-01-22,22,1,2021,14,Bego,â¤
2021-01-22,22,1,2021,14,Bego,â¤
2021-01-22,22,1,2021,14,Bego,â¤
2021-01-23,23,1,2021,18,Ju,ğŸ˜‚
2021-01-23,23,1,2021,18,Ju,ğŸ˜‚
2021-01-23,23,1,2021,18,Ju,ğŸ˜‚
2021-01-23,23,1,2021,18,Ju,ğŸ˜‚
2021-01-23,23,1,2021,19,Bego,ğŸš€
2021-01-23,23,1,2021,19,Bego,ğŸš€
2021-01-23,23,1,2021,19,Bego,ğŸš€
2021-01-23,23,1,2021,19,Bego,ğŸš€
2021-01-23,23,1,2021,19,Bego,ğŸ¦¦
2021-01-23,23,1,2021,19,Bego,ğŸš€
2021-01-23,23,1,2021,19,Bego,ğŸš€
2021-01-24,24,1,2021,15,Ju,ğŸ˜‚
2021-01-24,24,1,2021,15,Ju,ğŸ˜‚
2021-01-24,24,1,2021,15,Ju,ğŸ˜‚
2021-01-24,24,1,2021,16,Bego,â¤
2021-01-24,24,1,2021,16,Bego,â¤
2021-01-24,24,1,2021,16,Bego,â¤
2021-01-24,24,1,2021,16,Bego,â¤
2021-01-24,24,1,2021,16,Bego,â¤
2021-01-24,24,1,2021,16,Bego,â¤
2021-01-24,24,1,2021,16,Ju,ğŸ’•
2021-01-24,24,1,2021,16,Ju,ğŸ’•
2021-01-24,24,1,2021,16,Ju,ğŸ’•
2021-01-24,24,1,2021,16,Bego,ğŸ’«
2021-01-24,24,1,2021,16,Ju,ğŸ’•
2021-01-24,24,1,2021,21,Bego,âœ¨
2021-01-25,25,1,2021,20,Ju,ğŸ˜‚
2021-01-25,25,1,2021,20,Ju,ğŸ˜‚
2021-01-25,25,1,2021,20,Ju,ğŸ˜
2021-01-25,25,1,2021,20,Ju,ğŸ˜
2021-01-25,25,1,2021,20,Ju,ğŸ˜
2021-01-25,25,1,2021,20,Ju,ğŸ˜
2021-01-25,25,1,2021,20,Ju,ğŸ˜‚
2021-01-25,25,1,2021,20,Ju,ğŸ˜‚
2021-01-25,25,1,2021,20,Ju,ğŸ˜‚
2021-01-25,25,1,2021,20,Ju,ğŸ˜‚
2021-01-25,25,1,2021,20,Ju,ğŸ˜‚
2021-01-25,25,1,2021,20,Ju,ğŸ˜‚
2021-01-25,25,1,2021,20,Bego,ğŸ¤·
2021-01-25,25,1,2021,20,Bego,ğŸ»
2021-01-26,26,1,2021,17,Ju,ğŸ’“
2021-01-26,26,1,2021,17,Ju,ğŸ’“
2021-01-26,26,1,2021,17,Ju,ğŸ’“
2021-01-26,26,1,2021,18,Bego,â¤
2021-01-26,26,1,2021,18,Bego,â¤
2021-01-27,27,1,2021,23,Ju,ğŸ˜
2021-01-27,27,1,2021,23,Bego,ğŸ’›
2021-01-27,27,1,2021,23,Bego,ğŸ’›
2021-01-27,27,1,2021,23,Bego,ğŸ’›
2021-01-27,27,1,2021,23,Ju,ğŸ’“
2021-01-27,27,1,2021,23,Ju,ğŸ’“
2021-01-27,27,1,2021,23,Ju,ğŸ’“
2021-01-27,27,1,2021,23,Ju,ğŸ’“
2021-01-27,27,1,2021,23,Bego,ğŸ§˜
2021-01-27,27,1,2021,23,Bego,ğŸ»
2021-01-28,28,1,2021,10,Bego,â¤
2021-01-28,28,1,2021,11,Bego,ğŸ¤¯
2021-01-28,28,1,2021,12,Ju,ğŸ˜³
2021-01-28,28,1,2021,12,Bego,â¤
2021-01-28,28,1,2021,12,Ju,ğŸ’“
2021-01-28,28,1,2021,12,Ju,ğŸ’“
2021-01-28,28,1,2021,12,Ju,ğŸ’“
2021-01-28,28,1,2021,12,Ju,ğŸ’“
2021-01-28,28,1,2021,12,Bego,â¤
2021-01-28,28,1,2021,12,Bego,â¤
2021-01-28,28,1,2021,17,Ju,ğŸ¤
2021-01-28,28,1,2021,17,Ju,ğŸ¤
2021-01-28,28,1,2021,17,Ju,ğŸ¤
2021-01-28,28,1,2021,17,Ju,ğŸ¤
2021-01-28,28,1,2021,17,Ju,ğŸ¤
2021-01-29,29,1,2021,14,Ju,ğŸ¥²
2021-01-29,29,1,2021,17,Ju,ğŸ˜‚
2021-01-31,31,1,2021,12,Bego,ğŸ’”
2021-01-31,31,1,2021,12,Bego,ğŸ”Œ
2021-02-02,2,2,2021,21,Bego,â¤
2021-02-02,2,2,2021,21,Bego,â¤
2021-02-02,2,2,2021,21,Bego,â¤
2021-02-02,2,2,2021,21,Ju,ğŸ’“
2021-03-02,2,3,2021,20,Ju,ğŸ˜‚
2021-04-02,2,4,2021,14,Bego,ğŸ¦¸
2021-04-02,2,4,2021,14,Bego,ğŸ»
2021-04-02,2,4,2021,20,Bego,ğŸ§˜
2021-04-02,2,4,2021,20,Bego,ğŸ»
2021-04-02,2,4,2021,20,Bego,ğŸ§˜
2021-04-02,2,4,2021,20,Bego,ğŸ»
2021-05-02,2,5,2021,9,Bego,ğŸ˜­
2021-05-02,2,5,2021,9,Bego,â¤
2021-05-02,2,5,2021,9,Bego,â¤
2021-05-02,2,5,2021,9,Bego,â¤
2021-05-02,2,5,2021,9,Bego,â¤
2021-05-02,2,5,2021,9,Bego,â¤
2021-05-02,2,5,2021,11,Bego,ğŸ¥²
2021-05-02,2,5,2021,11,Bego,ğŸ¤­
2021-05-02,2,5,2021,11,Bego,â¤
2021-05-02,2,5,2021,11,Bego,â¤
2021-05-02,2,5,2021,11,Bego,â¤
2021-05-02,2,5,2021,11,Bego,â¤
2021-05-02,2,5,2021,12,Bego,ğŸ¥¸
2021-05-02,2,5,2021,12,Ju,ğŸ˜‚
2021-05-02,2,5,2021,12,Ju,ğŸ˜‚
2021-05-02,2,5,2021,12,Ju,ğŸ˜‚
2021-05-02,2,5,2021,17,Ju,ğŸ˜‚
2021-05-02,2,5,2021,17,Ju,ğŸ˜‚
2021-05-02,2,5,2021,17,Ju,ğŸ˜‚
2021-05-02,2,5,2021,17,Ju,ğŸ˜‚
2021-05-02,2,5,2021,17,Ju,ğŸ˜‚
2021-05-02,2,5,2021,17,Ju,ğŸ˜‚
2021-05-02,2,5,2021,17,Ju,ğŸ˜‚
2021-05-02,2,5,2021,17,Ju,ğŸ¤¦
2021-05-02,2,5,2021,17,Ju,ğŸ˜‚
2021-05-02,2,5,2021,17,Ju,ğŸ˜‚
2021-05-02,2,5,2021,17,Ju,ğŸ˜‚
2021-05-02,2,5,2021,17,Ju,ğŸ˜‚
2021-05-02,2,5,2021,17,Ju,ğŸ˜‚
2021-05-02,2,5,2021,17,Ju,ğŸ˜‚
2021-05-02,2,5,2021,17,Ju,ğŸ˜‚
2021-05-02,2,5,2021,17,Ju,ğŸ˜‚
2021-05-02,2,5,2021,17,Ju,ğŸ’“
2021-05-02,2,5,2021,17,Ju,ğŸ’“
2021-05-02,2,5,2021,17,Ju,ğŸ˜
2021-05-02,2,5,2021,17,Ju,ğŸ˜
2021-05-02,2,5,2021,17,Ju,ğŸ˜
2021-05-02,2,5,2021,17,Ju,ğŸ¥µ
2021-05-02,2,5,2021,17,Ju,ğŸ˜‚
2021-05-02,2,5,2021,17,Ju,ğŸ¥°
2021-05-02,2,5,2021,17,Ju,ğŸ¥°
2021-05-02,2,5,2021,17,Ju,ğŸ¥°
2021-05-02,2,5,2021,17,Ju,ğŸ¥°
2021-05-02,2,5,2021,17,Bego,ğŸ’”
2021-05-02,2,5,2021,17,Bego,ğŸ’”
2021-06-02,2,6,2021,10,Bego,ğŸ¥°
2021-06-02,2,6,2021,10,Ju,ğŸ’“
2021-06-02,2,6,2021,10,Ju,ğŸ’“
2021-06-02,2,6,2021,10,Ju,ğŸ’“
2021-06-02,2,6,2021,16,Bego,â¤
2021-07-02,2,7,2021,22,Ju,ğŸ’“
2021-07-02,2,7,2021,22,Ju,ğŸ’“
2021-07-02,2,7,2021,22,Ju,ğŸ’“
2021-07-02,2,7,2021,22,Ju,ğŸ’“
2021-08-02,2,8,2021,23,Ju,ğŸ¥º
2021-08-02,2,8,2021,23,Ju,ğŸ˜‚
2021-08-02,2,8,2021,23,Ju,ğŸ˜‚
2021-08-02,2,8,2021,23,Ju,ğŸ˜‚
2021-08-02,2,8,2021,23,Bego,ğŸ’
2021-09-02,2,9,2021,18,Bego,ğŸ¥°
2021-09-02,2,9,2021,19,Ju,ğŸ¤ª
2021-10-02,2,10,2021,22,Bego,â¤
2021-11-02,2,11,2021,11,Bego,ğŸ˜ˆ
2021-11-02,2,11,2021,11,Ju,ğŸ˜‚
2021-11-02,2,11,2021,11,Ju,ğŸ˜‚
2021-11-02,2,11,2021,11,Ju,ğŸ˜‚
2021-11-02,2,11,2021,11,Ju,ğŸ˜‚
2021-11-02,2,11,2021,11,Ju,ğŸ˜‚
2021-11-02,2,11,2021,11,Ju,ğŸ˜‚
2021-11-02,2,11,2021,11,Bego,â¤
2021-11-02,2,11,2021,15,Ju,ğŸ’“
2021-11-02,2,11,2021,15,Ju,ğŸ’“
2021-11-02,2,11,2021,15,Ju,ğŸ’“
2021-02-13,13,2,2021,17,Ju,â¤
2021-02-13,13,2,2021,17,Bego,ğŸ¤·
2021-02-13,13,2,2021,17,Bego,ğŸ»
2021-02-13,13,2,2021,20,Bego,â¤
2021-02-15,15,2,2021,13,Bego,ğŸ
2021-02-15,15,2,2021,13,Bego,ğŸ
2021-02-15,15,2,2021,13,Bego,ğŸ’›
2021-02-16,16,2,2021,8,Ju,ğŸ˜‚
2021-02-16,16,2,2021,8,Ju,ğŸ˜‚
2021-02-16,16,2,2021,8,Ju,ğŸ˜‚
2021-02-16,16,2,2021,8,Ju,ğŸ˜‚
2021-02-16,16,2,2021,8,Ju,ğŸ˜‚
2021-02-16,16,2,2021,8,Ju,ğŸ˜‚
2021-02-16,16,2,2021,8,Ju,ğŸ˜‚
2021-02-16,16,2,2021,8,Ju,ğŸ˜‚
2021-02-16,16,2,2021,8,Ju,ğŸ˜‚
2021-02-16,16,2,2021,8,Ju,ğŸ˜‚
2021-02-16,16,2,2021,8,Ju,ğŸ˜‚
2021-02-16,16,2,2021,8,Ju,ğŸ˜‚
2021-02-17,17,2,2021,10,Ju,ğŸ˜
2021-02-17,17,2,2021,18,Ju,âœ¨
2021-02-17,17,2,2021,18,Ju,ğŸ’•
2021-02-18,18,2,2021,12,Ju,ğŸ˜»
2021-02-18,18,2,2021,12,Ju,ğŸ˜
2021-02-18,18,2,2021,12,Ju,ğŸ˜
2021-02-18,18,2,2021,12,Bego,ğŸ˜ˆ
2021-02-18,18,2,2021,12,Bego,ğŸ’˜
2021-02-19,19,2,2021,9,Bego,â¤
2021-02-19,19,2,2021,12,Bego,â¤
2021-02-19,19,2,2021,12,Bego,â¤
2021-02-19,19,2,2021,12,Bego,ğŸ„
2021-02-03,3,2,2021,23,Ju,ğŸ˜‚
2021-02-03,3,2,2021,23,Ju,ğŸ˜‚
2021-02-03,3,2,2021,23,Ju,ğŸ˜‚
2021-02-03,3,2,2021,23,Ju,ğŸ˜‚
2021-02-03,3,2,2021,23,Ju,ğŸ˜‚
2021-02-03,3,2,2021,23,Ju,â¤
2021-03-03,3,3,2021,9,Bego,ğŸ¥°
2021-03-03,3,3,2021,10,Bego,â¤
2021-04-03,3,4,2021,11,Bego,â¤
2021-04-03,3,4,2021,11,Bego,â¤
2021-04-03,3,4,2021,12,Ju,ğŸ’“
2021-04-03,3,4,2021,12,Ju,ğŸ’“
2021-04-03,3,4,2021,17,Ju,ğŸ¤£
2021-04-03,3,4,2021,17,Ju,ğŸ¤£
2021-04-03,3,4,2021,17,Ju,ğŸ¤£
2021-04-03,3,4,2021,17,Ju,ğŸ¤£
2021-05-03,3,5,2021,16,Bego,ğŸ¢
2021-05-03,3,5,2021,16,Bego,ğŸ¢
2021-07-03,3,7,2021,8,Bego,ğŸ’›
2021-07-03,3,7,2021,8,Bego,ğŸ’›
2021-07-03,3,7,2021,10,Bego,ğŸ¤§
2021-07-03,3,7,2021,10,Ju,ğŸ˜‚
2021-07-03,3,7,2021,10,Ju,ğŸ˜‚
2021-07-03,3,7,2021,10,Ju,ğŸ˜‚
2021-07-03,3,7,2021,10,Ju,ğŸ˜‚
2021-07-03,3,7,2021,10,Ju,ğŸ˜‚
2021-07-03,3,7,2021,10,Ju,ğŸ˜‚
2021-07-03,3,7,2021,10,Ju,ğŸ˜‚
2021-07-03,3,7,2021,10,Ju,ğŸ˜‚
2021-07-03,3,7,2021,10,Ju,ğŸ˜‚
2021-07-03,3,7,2021,18,Ju,â¤
2021-09-03,3,9,2021,14,Ju,ğŸ˜‚
2021-10-03,3,10,2021,12,Ju,â¤
2021-10-03,3,10,2021,12,Ju,â¤
2021-10-03,3,10,2021,12,Ju,â¤
2021-12-03,3,12,2021,18,Ju,ğŸ˜‚
2021-12-03,3,12,2021,18,Ju,ğŸ˜‚
2021-12-03,3,12,2021,18,Ju,ğŸ˜‚
2021-12-03,3,12,2021,18,Ju,ğŸ˜‚
2021-03-15,15,3,2021,15,Bego,ğŸ’›
2021-03-15,15,3,2021,15,Bego,ğŸ’›
2021-03-15,15,3,2021,15,Bego,ğŸ’›
2021-03-15,15,3,2021,15,Bego,ğŸ’›
2021-03-15,15,3,2021,15,Bego,ğŸ’›
2021-03-15,15,3,2021,15,Bego,ğŸ’›
2021-03-15,15,3,2021,15,Bego,ğŸ’›
2021-03-18,18,3,2021,13,Ju,ğŸ˜‚
2021-03-21,21,3,2021,15,Bego,ğŸ’›
2021-03-24,24,3,2021,21,Ju,ğŸ¥°
2021-03-24,24,3,2021,21,Ju,â¤
2021-03-24,24,3,2021,21,Ju,â¤
2021-03-24,24,3,2021,21,Ju,â¤
2021-03-25,25,3,2021,22,Ju,ğŸ¥º
2021-03-25,25,3,2021,22,Ju,ğŸ˜‚
2021-03-25,25,3,2021,22,Ju,ğŸ˜‚
2021-03-25,25,3,2021,22,Ju,ğŸ˜‚
2021-03-25,25,3,2021,22,Ju,ğŸ˜‚
2021-03-25,25,3,2021,22,Ju,ğŸ˜‚
2021-03-25,25,3,2021,22,Ju,ğŸ˜‚
2021-03-26,26,3,2021,10,Ju,ğŸ˜‚
2021-03-28,28,3,2021,3,Ju,â¤
2021-03-28,28,3,2021,13,Ju,â¤
2021-03-28,28,3,2021,18,Ju,ğŸ’“
2021-03-29,29,3,2021,15,Ju,â¤
2021-03-29,29,3,2021,19,Bego,â¤
2021-03-31,31,3,2021,19,Ju,ğŸ˜‚
2021-03-31,31,3,2021,19,Ju,ğŸ˜‚
2021-03-31,31,3,2021,19,Ju,ğŸ˜‚
2021-03-31,31,3,2021,19,Ju,ğŸ˜‚
2021-03-31,31,3,2021,19,Ju,ğŸ˜‚
2021-03-31,31,3,2021,19,Ju,ğŸ˜‚
2021-03-31,31,3,2021,19,Ju,ğŸ˜»
2021-01-04,4,1,2021,10,Ju,ğŸ˜‚
2021-01-04,4,1,2021,10,Ju,ğŸ˜‚
2021-01-04,4,1,2021,10,Ju,ğŸ˜‚
2021-01-04,4,1,2021,10,Ju,ğŸ˜‚
2021-01-04,4,1,2021,10,Ju,ğŸ˜‚
2021-01-04,4,1,2021,10,Ju,ğŸ˜‚
2021-01-04,4,1,2021,10,Ju,ğŸ˜‚
2021-01-04,4,1,2021,16,Ju,ğŸ˜‚
2021-01-04,4,1,2021,16,Ju,ğŸ˜‚
2021-01-04,4,1,2021,16,Ju,ğŸ˜‚
2021-01-04,4,1,2021,16,Ju,ğŸ˜‚
2021-01-04,4,1,2021,16,Ju,ğŸ˜‚
2021-02-04,4,2,2021,14,Bego,ğŸŒˆ
2021-02-04,4,2,2021,19,Ju,ğŸ¥º
2021-05-04,4,5,2021,19,Bego,â¤
2021-06-04,4,6,2021,16,Ju,â¤
2021-06-04,4,6,2021,16,Ju,â¤
2021-06-04,4,6,2021,16,Ju,â¤
2021-06-04,4,6,2021,16,Ju,â¤
2021-07-04,4,7,2021,19,Ju,ğŸ¥º
2021-07-04,4,7,2021,20,Ju,âœ¨
2021-08-04,4,8,2021,17,Ju,ğŸ¥º
2021-09-04,4,9,2021,18,Ju,â¤
2021-11-04,4,11,2021,12,Ju,â¤
2021-11-04,4,11,2021,12,Bego,â¤
2021-11-04,4,11,2021,12,Bego,â¤
2021-12-04,4,12,2021,16,Bego,â¤
2021-12-04,4,12,2021,22,Bego,â¤
2021-04-13,13,4,2021,8,Ju,â™¥
2021-04-13,13,4,2021,10,Ju,â™¥
2021-04-13,13,4,2021,14,Ju,â¤
2021-04-13,13,4,2021,14,Ju,â¤
2021-04-13,13,4,2021,14,Ju,â¤
2021-04-13,13,4,2021,17,Ju,â¤
2021-04-13,13,4,2021,17,Ju,â¤
2021-04-13,13,4,2021,17,Ju,â¤
2021-04-13,13,4,2021,17,Ju,ğŸ¤©
2021-04-13,13,4,2021,18,Bego,â¤
2021-04-13,13,4,2021,18,Bego,â¤
2021-04-13,13,4,2021,18,Bego,â¤
2021-04-13,13,4,2021,18,Bego,â¤
2021-04-14,14,4,2021,11,Ju,ğŸ˜»
2021-04-14,14,4,2021,16,Bego,â¤
2021-04-14,14,4,2021,18,Ju,ğŸ˜‚
2021-04-14,14,4,2021,18,Ju,ğŸ˜‚
2021-04-14,14,4,2021,18,Ju,ğŸ˜‚
2021-04-15,15,4,2021,12,Ju,â¤
2021-04-15,15,4,2021,12,Ju,â¤
2021-04-15,15,4,2021,12,Ju,â¤
2021-04-15,15,4,2021,14,Ju,â¤
2021-04-15,15,4,2021,14,Ju,ğŸ¤©
2021-04-15,15,4,2021,14,Ju,ğŸ’“
2021-04-15,15,4,2021,14,Ju,ğŸ’“
2021-04-15,15,4,2021,14,Ju,ğŸ’“
2021-04-15,15,4,2021,14,Ju,ğŸ’“
2021-04-15,15,4,2021,14,Ju,ğŸ’“
2021-04-15,15,4,2021,14,Ju,ğŸ’“
2021-04-16,16,4,2021,12,Ju,ğŸ¤°
2021-04-16,16,4,2021,12,Ju,ğŸ»
2021-04-16,16,4,2021,14,Ju,â™¥
2021-04-16,16,4,2021,14,Ju,â™¥
2021-04-16,16,4,2021,14,Ju,â™¥
2021-04-16,16,4,2021,14,Ju,â™¥
2021-04-16,16,4,2021,14,Bego,ğŸ’›
2021-04-16,16,4,2021,14,Bego,â¤
2021-04-17,17,4,2021,11,Bego,ğŸ¥²
2021-04-17,17,4,2021,22,Ju,ğŸ¥º
2021-04-17,17,4,2021,23,Bego,â¤
2021-04-19,19,4,2021,11,Ju,ğŸ¤¯
2021-04-19,19,4,2021,11,Ju,ğŸ¥º
2021-04-19,19,4,2021,11,Ju,ğŸ˜
2021-04-19,19,4,2021,11,Ju,ğŸ˜
2021-04-19,19,4,2021,11,Ju,ğŸ˜
2021-04-19,19,4,2021,11,Ju,ğŸ˜
2021-04-19,19,4,2021,11,Ju,ğŸ˜
2021-04-19,19,4,2021,16,Bego,â¤
2021-04-19,19,4,2021,18,Ju,â¤
2021-04-19,19,4,2021,18,Ju,â¤
2021-04-19,19,4,2021,18,Ju,â¤
2021-04-19,19,4,2021,18,Ju,â¤
2021-04-19,19,4,2021,19,Ju,ğŸ˜‚
2021-04-19,19,4,2021,19,Ju,ğŸ˜‚
2021-04-19,19,4,2021,19,Ju,ğŸ˜‚
2021-04-19,19,4,2021,19,Ju,ğŸ˜‚
2021-04-19,19,4,2021,19,Ju,ğŸ˜‚
2021-04-19,19,4,2021,21,Ju,ğŸ˜‚
2021-04-19,19,4,2021,23,Ju,ğŸ˜‚
2021-04-19,19,4,2021,23,Ju,ğŸ˜‚
2021-04-19,19,4,2021,23,Ju,ğŸ˜‚
2021-04-20,20,4,2021,12,Ju,ğŸ¤©
2021-04-20,20,4,2021,12,Ju,ğŸ¤©
2021-04-20,20,4,2021,12,Ju,ğŸ¤©
2021-04-20,20,4,2021,12,Ju,ğŸ¤©
2021-04-20,20,4,2021,12,Ju,ğŸ¤©
2021-04-20,20,4,2021,12,Ju,ğŸ¤©
2021-04-20,20,4,2021,12,Ju,â¤
2021-04-20,20,4,2021,16,Bego,ğŸ’›
2021-04-20,20,4,2021,19,Ju,ğŸ˜
2021-04-20,20,4,2021,19,Ju,ğŸ˜
2021-04-20,20,4,2021,19,Ju,ğŸ˜
2021-04-20,20,4,2021,19,Ju,ğŸ˜
2021-04-20,20,4,2021,19,Ju,ğŸ˜
2021-04-20,20,4,2021,19,Ju,ğŸ˜
2021-04-20,20,4,2021,19,Bego,ğŸ¤·
2021-04-20,20,4,2021,19,Bego,ğŸ»
2021-04-20,20,4,2021,19,Ju,ğŸ˜‚
2021-04-21,21,4,2021,16,Ju,ğŸ¤¯
2021-04-22,22,4,2021,9,Bego,ğŸ’”
2021-04-22,22,4,2021,9,Ju,ğŸ˜‚
2021-04-22,22,4,2021,9,Bego,ğŸ€
2021-04-22,22,4,2021,11,Ju,âœ¨
2021-04-22,22,4,2021,11,Ju,âœ¨
2021-04-22,22,4,2021,11,Ju,âœ¨
2021-04-22,22,4,2021,11,Ju,âœ¨
2021-04-22,22,4,2021,15,Ju,ğŸ˜‚
2021-04-22,22,4,2021,15,Ju,ğŸ˜‚
2021-04-22,22,4,2021,15,Ju,ğŸ˜‚
2021-04-22,22,4,2021,15,Ju,ğŸ˜‚
2021-04-22,22,4,2021,15,Ju,â¤
2021-04-22,22,4,2021,16,Bego,â¤
2021-04-22,22,4,2021,16,Ju,â¤
2021-04-22,22,4,2021,16,Ju,â¤
2021-04-22,22,4,2021,16,Ju,â¤
2021-04-22,22,4,2021,16,Ju,â¤
2021-04-22,22,4,2021,16,Ju,â¤
2021-04-22,22,4,2021,16,Ju,â¤
2021-04-22,22,4,2021,16,Ju,â¤
2021-04-22,22,4,2021,16,Ju,â¤
2021-04-22,22,4,2021,16,Ju,â¤
2021-04-22,22,4,2021,16,Ju,â¤
2021-04-22,22,4,2021,16,Ju,â¤
2021-04-25,25,4,2021,2,Ju,â¤
2021-04-25,25,4,2021,2,Ju,â¤
2021-04-25,25,4,2021,19,Ju,â¤
2021-04-25,25,4,2021,19,Ju,â¤
2021-04-25,25,4,2021,19,Ju,â¤
2021-04-25,25,4,2021,19,Ju,ğŸ¥³
2021-04-26,26,4,2021,12,Ju,â¤
2021-04-26,26,4,2021,12,Ju,â¤
2021-04-26,26,4,2021,12,Ju,â¤
2021-04-26,26,4,2021,12,Ju,â¤
2021-04-26,26,4,2021,12,Bego,ğŸ§š
2021-04-26,26,4,2021,12,Bego,ğŸ§š
2021-04-26,26,4,2021,12,Bego,ğŸ§š
2021-04-26,26,4,2021,12,Ju,ğŸ˜‚
2021-04-26,26,4,2021,12,Ju,ğŸ˜‚
2021-04-26,26,4,2021,12,Ju,ğŸ˜‚
2021-04-26,26,4,2021,12,Ju,ğŸ˜‚
2021-04-26,26,4,2021,12,Ju,ğŸ˜‚
2021-07-06,6,7,2021,16,Bego,ğŸ–¤
2021-07-06,6,7,2021,16,Bego,ğŸŒ»
2021-08-06,6,8,2021,13,Ju,ğŸ˜‚
2021-08-06,6,8,2021,13,Ju,ğŸ˜‚
2021-08-06,6,8,2021,13,Ju,ğŸ˜‚
2021-08-06,6,8,2021,13,Ju,ğŸ˜‚
2021-08-06,6,8,2021,13,Ju,ğŸ˜‚
2021-08-06,6,8,2021,13,Ju,ğŸ˜‚
2021-08-06,6,8,2021,13,Ju,ğŸ˜‚
2021-08-06,6,8,2021,13,Ju,ğŸ˜‚
2021-08-06,6,8,2021,13,Ju,ğŸ˜‚
2021-08-06,6,8,2021,13,Ju,ğŸ˜‚
2021-10-06,6,10,2021,2,Ju,ğŸ¥º
2021-10-06,6,10,2021,23,Ju,â¤
2021-10-06,6,10,2021,23,Ju,ğŸ¥³
2021-11-06,6,11,2021,10,Ju,â¤
2021-11-06,6,11,2021,10,Ju,â¤
2021-11-06,6,11,2021,10,Ju,â¤
2021-11-06,6,11,2021,10,Ju,â¤
2021-11-06,6,11,2021,10,Ju,â¤
2021-11-06,6,11,2021,12,Bego,ğŸ’”
2021-11-06,6,11,2021,12,Bego,ğŸ’”
2021-11-06,6,11,2021,12,Bego,ğŸ’”
2021-11-06,6,11,2021,12,Bego,ğŸ’”
2021-11-06,6,11,2021,23,Ju,ğŸ˜‚
2021-11-06,6,11,2021,23,Ju,ğŸ˜‚
2021-11-06,6,11,2021,23,Ju,ğŸ˜‚
2021-11-06,6,11,2021,23,Ju,ğŸ˜‚
2021-11-06,6,11,2021,23,Ju,ğŸ˜‚
2021-12-06,6,12,2021,11,Ju,â¤
2021-12-06,6,12,2021,11,Ju,â¤
2021-12-06,6,12,2021,11,Ju,â¤
2021-12-06,6,12,2021,11,Ju,â¤
2021-06-13,13,6,2021,14,Ju,â¤
2021-06-13,13,6,2021,14,Ju,â¤
2021-06-13,13,6,2021,14,Ju,â¤
2021-06-13,13,6,2021,14,Ju,â¤
2021-06-13,13,6,2021,14,Ju,ğŸ¦‹
2021-06-13,13,6,2021,20,Ju,ğŸ˜‚
2021-06-14,14,6,2021,11,Ju,â¤
2021-06-14,14,6,2021,11,Ju,â¤
2021-06-14,14,6,2021,11,Ju,â¤
2021-06-14,14,6,2021,12,Ju,â¤
2021-06-14,14,6,2021,12,Ju,â¤
2021-06-15,15,6,2021,19,Ju,ğŸ˜‚
2021-06-15,15,6,2021,19,Ju,ğŸ˜‚
2021-06-15,15,6,2021,19,Ju,ğŸ˜‚
2021-06-17,17,6,2021,8,Ju,â¤
2021-06-17,17,6,2021,11,Ju,â¤
2021-06-17,17,6,2021,11,Ju,â¤
2021-06-17,17,6,2021,11,Ju,â¤
2021-06-17,17,6,2021,11,Ju,â¤
2021-06-17,17,6,2021,11,Ju,âœ¨
2021-06-17,17,6,2021,11,Ju,â¤
2021-06-18,18,6,2021,0,Ju,ğŸ˜‚
2021-06-20,20,6,2021,21,Ju,ğŸ˜‚
2021-06-20,20,6,2021,21,Ju,ğŸ˜‚
2021-06-20,20,6,2021,21,Ju,ğŸ˜‚
2021-06-20,20,6,2021,21,Ju,ğŸ˜‚
2021-06-21,21,6,2021,23,Ju,ğŸ¥º
2021-06-22,22,6,2021,10,Ju,ğŸ˜‚
2021-06-22,22,6,2021,10,Ju,ğŸ˜‚
2021-06-22,22,6,2021,10,Ju,ğŸ˜‚
2021-06-22,22,6,2021,10,Ju,ğŸ˜‚
2021-06-22,22,6,2021,10,Ju,ğŸ˜‚
2021-06-23,23,6,2021,13,Bego,ğŸ”¥
2021-06-23,23,6,2021,13,Bego,â¤
2021-06-27,27,6,2021,11,Ju,â¤
2021-06-27,27,6,2021,16,Ju,â¤
2021-06-27,27,6,2021,16,Ju,â¤
2021-06-27,27,6,2021,16,Ju,â¤
2021-06-27,27,6,2021,16,Bego,â¤
2021-06-27,27,6,2021,16,Bego,â¤
2021-06-27,27,6,2021,17,Ju,ğŸ˜»
2021-06-27,27,6,2021,17,Ju,ğŸ˜»
2021-06-27,27,6,2021,17,Ju,ğŸ˜»
2021-06-27,27,6,2021,17,Ju,ğŸ˜»
2021-06-27,27,6,2021,17,Ju,â¤
2021-06-27,27,6,2021,17,Ju,â¤
2021-06-27,27,6,2021,17,Ju,â¤
2021-06-27,27,6,2021,17,Ju,ğŸ˜»
2021-06-27,27,6,2021,17,Ju,ğŸ˜»
2021-06-27,27,6,2021,17,Ju,ğŸ˜»
2021-06-27,27,6,2021,17,Ju,ğŸ˜»
2021-06-27,27,6,2021,17,Ju,ğŸ˜»
2021-06-27,27,6,2021,17,Ju,ğŸ˜‚
2021-06-27,27,6,2021,18,Bego,ğŸ›
2021-06-27,27,6,2021,18,Bego,ğŸ›
2021-06-27,27,6,2021,18,Bego,ğŸ›
2021-06-27,27,6,2021,18,Bego,ğŸ›
2021-06-27,27,6,2021,18,Bego,ğŸ›
2021-06-27,27,6,2021,18,Bego,ğŸ¦–
2021-06-28,28,6,2021,15,Ju,ğŸ˜‚
2021-06-28,28,6,2021,15,Ju,ğŸ˜‚
2021-06-28,28,6,2021,15,Ju,ğŸ˜‚
2021-06-28,28,6,2021,15,Ju,ğŸ˜‚
2021-06-28,28,6,2021,15,Ju,ğŸ˜‚
2021-06-28,28,6,2021,15,Bego,â¤
2021-06-29,29,6,2021,15,Bego,ğŸ˜²
2021-06-29,29,6,2021,15,Bego,ğŸ˜²
2021-01-07,7,1,2021,11,Ju,ğŸ˜‚
2021-01-07,7,1,2021,12,Bego,â¤
2021-05-07,7,5,2021,11,Bego,ğŸ
2021-05-07,7,5,2021,11,Bego,ğŸ
2021-05-07,7,5,2021,18,Ju,â¤
2021-05-07,7,5,2021,18,Ju,â¤
2021-06-07,7,6,2021,9,Ju,ğŸ¥º
2021-06-07,7,6,2021,14,Ju,â£
2021-06-07,7,6,2021,14,Ju,â£
2021-06-07,7,6,2021,14,Ju,â£
2021-06-07,7,6,2021,14,Ju,ğŸ¥³
2021-06-07,7,6,2021,14,Ju,ğŸ¥³
2021-06-07,7,6,2021,14,Ju,ğŸ¥³
2021-06-07,7,6,2021,14,Ju,ğŸ¦¤
2021-06-07,7,6,2021,14,Ju,ğŸ¦¤
2021-06-07,7,6,2021,14,Ju,ğŸ¦¤
2021-06-07,7,6,2021,16,Bego,â˜„
2021-06-07,7,6,2021,16,Bego,â˜„
2021-06-07,7,6,2021,16,Bego,â˜„
2021-06-07,7,6,2021,16,Bego,â˜„
2021-06-07,7,6,2021,16,Bego,â˜„
2021-06-07,7,6,2021,16,Bego,â˜„
2021-06-07,7,6,2021,16,Bego,â˜„
2021-06-07,7,6,2021,16,Bego,â˜„
2021-06-07,7,6,2021,16,Bego,â˜„
2021-06-07,7,6,2021,16,Bego,â˜„
2021-06-07,7,6,2021,16,Bego,â˜„
2021-06-07,7,6,2021,16,Ju,â¤
2021-06-07,7,6,2021,16,Ju,â¤
2021-06-07,7,6,2021,16,Ju,â¤
2021-06-07,7,6,2021,16,Ju,â¤
2021-06-07,7,6,2021,17,Ju,ğŸ˜»
2021-06-07,7,6,2021,17,Ju,ğŸ˜»
2021-06-07,7,6,2021,17,Ju,ğŸ˜»
2021-06-07,7,6,2021,17,Ju,ğŸ˜»
2021-06-07,7,6,2021,17,Ju,ğŸ˜»
2021-06-07,7,6,2021,17,Bego,ğŸ•
2021-06-07,7,6,2021,17,Bego,ğŸˆ
2021-07-07,7,7,2021,16,Ju,â¤
2021-07-07,7,7,2021,16,Ju,â¤
2021-07-07,7,7,2021,16,Bego,ğŸ¥²
2021-07-07,7,7,2021,17,Ju,ğŸ˜‚
2021-07-07,7,7,2021,17,Ju,ğŸ˜‚
2021-07-07,7,7,2021,17,Ju,ğŸ˜‚
2021-07-07,7,7,2021,17,Ju,ğŸ˜‚
2021-07-07,7,7,2021,17,Ju,ğŸ˜‚
2021-07-07,7,7,2021,17,Ju,ğŸ˜‚
2021-07-07,7,7,2021,17,Ju,ğŸ˜‚
2021-07-07,7,7,2021,17,Ju,ğŸ˜‚
2021-07-07,7,7,2021,17,Ju,ğŸ˜‚
2021-07-07,7,7,2021,17,Ju,ğŸ˜‚
2021-07-07,7,7,2021,17,Ju,ğŸ˜‚
2021-08-07,7,8,2021,12,Ju,â¤
2021-08-07,7,8,2021,12,Ju,â¤
2021-10-07,7,10,2021,19,Ju,ğŸ˜‚
2021-10-07,7,10,2021,19,Ju,ğŸ˜‚
2021-10-07,7,10,2021,19,Ju,ğŸ˜‚
2021-10-07,7,10,2021,19,Ju,ğŸ˜‚
2021-10-07,7,10,2021,23,Bego,ğŸ¦–
2021-10-07,7,10,2021,23,Bego,â¤
2021-11-07,7,11,2021,1,Ju,â¤
2021-11-07,7,11,2021,14,Bego,ğŸ”¥
2021-11-07,7,11,2021,14,Bego,â¤
2021-11-07,7,11,2021,16,Ju,â¤
2021-11-07,7,11,2021,16,Ju,â¤
2021-11-07,7,11,2021,16,Ju,â¤
2021-07-14,14,7,2021,22,Bego,ğŸ’”
2021-07-14,14,7,2021,23,Ju,â¤
2021-07-15,15,7,2021,23,Ju,â¤
2021-07-16,16,7,2021,0,Ju,ğŸ˜‚
2021-07-16,16,7,2021,0,Ju,ğŸ˜‚
2021-07-16,16,7,2021,0,Ju,ğŸ˜‚
2021-07-16,16,7,2021,0,Ju,ğŸ˜‚
2021-07-16,16,7,2021,0,Ju,ğŸ˜‚
2021-07-16,16,7,2021,0,Ju,ğŸ˜‚
2021-07-16,16,7,2021,0,Ju,ğŸ˜‚
2021-07-16,16,7,2021,0,Ju,ğŸ˜‚
2021-07-16,16,7,2021,0,Bego,â¤
2021-07-16,16,7,2021,0,Bego,â¤
2021-07-16,16,7,2021,0,Bego,ğŸŒˆ
2021-07-16,16,7,2021,0,Bego,ğŸŒˆ
2021-07-16,16,7,2021,0,Bego,ğŸŒˆ
2021-07-16,16,7,2021,0,Bego,ğŸŒ»
2021-07-16,16,7,2021,0,Bego,ğŸŒ»
2021-07-16,16,7,2021,0,Bego,ğŸŒ»
2021-07-16,16,7,2021,0,Bego,ğŸ‘¸
2021-07-16,16,7,2021,0,Bego,ğŸ»
2021-07-16,16,7,2021,0,Bego,ğŸ‘¸
2021-07-16,16,7,2021,0,Bego,ğŸ»
2021-07-16,16,7,2021,0,Bego,ğŸ‘¸
2021-07-16,16,7,2021,0,Bego,ğŸ»
2021-07-16,16,7,2021,0,Bego,ğŸ¦–
2021-07-16,16,7,2021,0,Bego,ğŸ¦–
2021-07-16,16,7,2021,0,Bego,ğŸ¦–
2021-07-16,16,7,2021,18,Bego,ğŸ’”
2021-07-16,16,7,2021,18,Ju,â¤
2021-07-16,16,7,2021,18,Ju,â¤
2021-07-16,16,7,2021,18,Ju,â¤
2021-07-16,16,7,2021,18,Bego,ğŸŒ»
2021-07-16,16,7,2021,18,Bego,ğŸ§œ
2021-07-16,16,7,2021,19,Ju,ğŸ˜‚
2021-07-16,16,7,2021,21,Bego,â¤
2021-07-16,16,7,2021,21,Bego,â¤
2021-07-16,16,7,2021,21,Bego,â¤
2021-07-16,16,7,2021,21,Bego,â¤
2021-07-16,16,7,2021,21,Bego,â¤
2021-07-16,16,7,2021,21,Bego,â¤
2021-07-16,16,7,2021,22,Ju,ğŸŒ
2021-07-16,16,7,2021,22,Ju,â¤
2021-07-16,16,7,2021,22,Ju,â¤
2021-07-16,16,7,2021,22,Ju,â¤
2021-07-16,16,7,2021,22,Ju,â¤
2021-07-17,17,7,2021,18,Ju,ğŸ˜‚
2021-07-17,17,7,2021,18,Ju,ğŸ˜‚
2021-07-17,17,7,2021,18,Ju,ğŸ˜‚
2021-07-17,17,7,2021,18,Ju,ğŸ˜‚
2021-07-17,17,7,2021,18,Ju,ğŸ˜‚
2021-07-17,17,7,2021,18,Ju,ğŸ˜‚
2021-07-17,17,7,2021,19,Ju,ğŸ˜‚
2021-07-17,17,7,2021,19,Bego,â˜
2021-07-17,17,7,2021,19,Bego,ğŸ˜ˆ
2021-07-17,17,7,2021,19,Ju,ğŸ˜‚
2021-07-18,18,7,2021,22,Bego,â¤
2021-07-18,18,7,2021,22,Bego,ğŸ§š
2021-07-18,18,7,2021,22,Ju,â¤
2021-07-19,19,7,2021,5,Ju,â¤
2021-07-21,21,7,2021,23,Ju,â¤
2021-07-21,21,7,2021,23,Bego,ğŸ‘¶
2021-07-23,23,7,2021,9,Ju,â¤
2021-07-23,23,7,2021,9,Ju,â¤
2021-07-23,23,7,2021,9,Ju,â¤
2021-07-25,25,7,2021,11,Bego,ğŸŒº
2021-07-25,25,7,2021,11,Bego,ğŸ›
2021-07-25,25,7,2021,12,Ju,â¤
2021-07-25,25,7,2021,13,Bego,ğŸƒ
2021-07-25,25,7,2021,13,Ju,â¤
2021-07-25,25,7,2021,17,Ju,ğŸ˜‚
2021-07-25,25,7,2021,19,Bego,â¤
2021-07-25,25,7,2021,19,Bego,ğŸŒ¹
2021-07-26,26,7,2021,9,Ju,â¤
2021-07-26,26,7,2021,9,Ju,â¤
2021-07-26,26,7,2021,9,Ju,â¤
2021-07-26,26,7,2021,10,Ju,ğŸ¥º
2021-07-26,26,7,2021,10,Bego,â¤
2021-07-26,26,7,2021,21,Bego,ğŸ–
2021-07-27,27,7,2021,16,Ju,â¤
2021-07-27,27,7,2021,16,Ju,â¤
2021-07-27,27,7,2021,16,Ju,â¤
2021-07-27,27,7,2021,18,Ju,ğŸ˜‚
2021-07-28,28,7,2021,16,Ju,ğŸ˜
2021-07-28,28,7,2021,16,Ju,ğŸ˜
2021-07-28,28,7,2021,16,Ju,ğŸ˜
2021-07-28,28,7,2021,16,Ju,ğŸ˜
2021-07-28,28,7,2021,16,Ju,ğŸ˜
2021-07-28,28,7,2021,16,Ju,ğŸ˜‚
2021-07-28,28,7,2021,21,Bego,ğŸŒ¸
2021-07-28,28,7,2021,21,Bego,ğŸŒ¸
2021-07-28,28,7,2021,21,Bego,ğŸŒ¸
2021-07-29,29,7,2021,19,Bego,â¤
2021-07-29,29,7,2021,19,Bego,â¤
2021-07-29,29,7,2021,19,Bego,â¤
2021-07-29,29,7,2021,19,Ju,â¤
2021-07-29,29,7,2021,19,Ju,â¤
2021-07-30,30,7,2021,15,Ju,â¤
2021-07-31,31,7,2021,12,Ju,ğŸ˜‚
2021-07-31,31,7,2021,12,Ju,ğŸ˜‚
2021-07-31,31,7,2021,12,Ju,ğŸ˜‚
2021-02-08,8,2,2021,16,Ju,â¤
2021-02-08,8,2,2021,16,Ju,â¤
2021-02-08,8,2,2021,16,Ju,â¤
2021-02-08,8,2,2021,16,Ju,â¤
2021-02-08,8,2,2021,16,Ju,â¤
2021-02-08,8,2,2021,16,Ju,â¤
2021-02-08,8,2,2021,20,Bego,â¤
2021-02-08,8,2,2021,20,Bego,â¤
2021-02-08,8,2,2021,20,Bego,ğŸŒº
2021-02-08,8,2,2021,20,Bego,ğŸŒº
2021-02-08,8,2,2021,20,Ju,â¤
2021-02-08,8,2,2021,20,Ju,â¤
2021-02-08,8,2,2021,20,Ju,â¤
2021-02-08,8,2,2021,20,Ju,â¤
2021-03-08,8,3,2021,8,Ju,ğŸ™ˆ
2021-03-08,8,3,2021,8,Ju,ğŸ˜‚
2021-03-08,8,3,2021,8,Ju,ğŸ˜‚
2021-03-08,8,3,2021,8,Ju,ğŸ˜‚
2021-04-08,8,4,2021,12,Ju,â£
2021-04-08,8,4,2021,12,Ju,â£
2021-04-08,8,4,2021,12,Ju,â£
2021-04-08,8,4,2021,12,Ju,â£
2021-04-08,8,4,2021,12,Bego,â¤
2021-04-08,8,4,2021,14,Bego,ğŸ¤¤
2021-05-08,8,5,2021,13,Ju,â¤
2021-05-08,8,5,2021,13,Ju,â¤
2021-05-08,8,5,2021,13,Ju,â¤
2021-05-08,8,5,2021,13,Ju,â¤
2021-05-08,8,5,2021,13,Ju,â¤
2021-05-08,8,5,2021,13,Ju,â¤
2021-05-08,8,5,2021,13,Ju,â¤
2021-05-08,8,5,2021,13,Ju,â¤
2021-05-08,8,5,2021,13,Ju,â¤
2021-05-08,8,5,2021,20,Ju,â¤
2021-06-08,8,6,2021,11,Bego,â¤
2021-07-08,8,7,2021,1,Ju,â¤
2021-07-08,8,7,2021,1,Ju,â¤
2021-07-08,8,7,2021,1,Ju,â¤
2021-07-08,8,7,2021,1,Ju,â¤
2021-07-08,8,7,2021,1,Ju,â¤
2021-07-08,8,7,2021,1,Ju,ğŸ¥°
2021-07-08,8,7,2021,1,Ju,ğŸ¥°
2021-07-08,8,7,2021,1,Ju,ğŸ¥°
2021-07-08,8,7,2021,1,Ju,â£
2021-07-08,8,7,2021,1,Ju,â£
2021-07-08,8,7,2021,1,Ju,â£
2021-07-08,8,7,2021,1,Ju,ğŸ¥º
2021-07-08,8,7,2021,1,Ju,ğŸ¥º
2021-07-08,8,7,2021,1,Ju,ğŸ¥º
2021-07-08,8,7,2021,10,Ju,ğŸ¥º
2021-08-08,8,8,2021,19,Bego,ğŸ§š
2021-08-08,8,8,2021,19,Bego,ğŸ§š
2021-08-08,8,8,2021,19,Bego,ğŸ±
2021-08-08,8,8,2021,19,Bego,ğŸ±
2021-08-08,8,8,2021,19,Bego,ğŸ¢
2021-08-08,8,8,2021,21,Ju,â¤
2021-08-08,8,8,2021,21,Ju,â£
2021-08-08,8,8,2021,21,Ju,â£
2021-08-08,8,8,2021,23,Bego,â¤
2021-08-08,8,8,2021,23,Bego,â¤
2021-08-08,8,8,2021,23,Bego,â¤
2021-08-08,8,8,2021,23,Bego,â¤
2021-09-08,8,9,2021,14,Ju,â¤
2021-09-08,8,9,2021,14,Ju,â¤
2021-09-08,8,9,2021,14,Ju,â¤
2021-09-08,8,9,2021,14,Ju,â¤
2021-09-08,8,9,2021,14,Ju,ğŸ˜‚
2021-09-08,8,9,2021,14,Ju,ğŸ˜‚
2021-09-08,8,9,2021,14,Ju,ğŸ˜‚
2021-09-08,8,9,2021,14,Ju,âœ¨
2021-10-08,8,10,2021,8,Ju,â¤
2021-10-08,8,10,2021,8,Ju,ğŸ˜‚
2021-10-08,8,10,2021,10,Bego,â¤
2021-10-08,8,10,2021,10,Bego,â¤
2021-10-08,8,10,2021,10,Bego,â¤
2021-10-08,8,10,2021,10,Bego,â¤
2021-10-08,8,10,2021,10,Bego,â¤
2021-08-16,16,8,2021,10,Bego,â¤
2021-08-16,16,8,2021,10,Bego,â¤
2021-08-16,16,8,2021,10,Bego,â¤
2021-08-16,16,8,2021,10,Bego,â¤
2021-08-16,16,8,2021,12,Bego,ğŸ¥²
2021-08-16,16,8,2021,12,Bego,ğŸ¥²
2021-08-16,16,8,2021,12,Bego,ğŸ¥²
2021-08-16,16,8,2021,12,Bego,ğŸ¥²
2021-08-16,16,8,2021,12,Bego,ğŸ¥²
2021-08-16,16,8,2021,12,Bego,ğŸ¥²
2021-08-17,17,8,2021,12,Ju,ğŸ˜‚
2021-08-18,18,8,2021,0,Ju,â¤
2021-08-18,18,8,2021,0,Ju,â¤
2021-08-18,18,8,2021,0,Ju,â¤
2021-08-18,18,8,2021,16,Ju,â¤
2021-08-18,18,8,2021,16,Ju,â¤
2021-08-18,18,8,2021,16,Ju,ğŸ¥°
2021-08-18,18,8,2021,16,Ju,ğŸ¥°
2021-08-18,18,8,2021,16,Ju,ğŸ¥°
2021-08-18,18,8,2021,16,Ju,ğŸ¥°
2021-08-18,18,8,2021,16,Ju,ğŸ¥°
2021-08-20,20,8,2021,19,Bego,â¤
2021-08-20,20,8,2021,19,Ju,â¤
2021-08-20,20,8,2021,19,Ju,â¤
2021-08-22,22,8,2021,13,Ju,â¤
2021-08-22,22,8,2021,14,Ju,â¤
2021-08-22,22,8,2021,17,Ju,ğŸ˜‚
2021-08-22,22,8,2021,17,Ju,ğŸ˜‚
2021-08-23,23,8,2021,10,Ju,ğŸŒ»
2021-08-23,23,8,2021,10,Ju,â¤
2021-08-23,23,8,2021,10,Ju,â¤
2021-08-23,23,8,2021,10,Ju,â¤
2021-08-23,23,8,2021,11,Bego,â¤
2021-08-23,23,8,2021,12,Ju,â¤
2021-08-23,23,8,2021,12,Ju,â¤
2021-08-24,24,8,2021,0,Ju,â¤
2021-08-24,24,8,2021,1,Bego,â¤
2021-08-24,24,8,2021,10,Ju,â¤
2021-08-25,25,8,2021,14,Bego,ğŸ’“
2021-08-27,27,8,2021,16,Ju,ğŸ˜‚
2021-08-27,27,8,2021,16,Ju,ğŸ˜‚
2021-08-27,27,8,2021,16,Ju,ğŸ˜‚
2021-08-27,27,8,2021,16,Ju,ğŸ˜‚
2021-08-29,29,8,2021,15,Ju,ğŸ˜‚
2021-08-29,29,8,2021,15,Ju,ğŸ˜‚
2021-08-29,29,8,2021,15,Ju,ğŸ˜‚
2021-08-29,29,8,2021,15,Ju,ğŸ˜‚
2021-08-29,29,8,2021,15,Ju,ğŸ˜‚
2021-08-29,29,8,2021,15,Ju,ğŸ˜‚
2021-08-29,29,8,2021,15,Ju,ğŸ˜‚
2021-08-29,29,8,2021,15,Ju,ğŸ˜‚
2021-08-29,29,8,2021,15,Ju,â¤
2021-08-29,29,8,2021,16,Bego,ğŸ”¥
2021-08-29,29,8,2021,16,Bego,â¤
2021-08-29,29,8,2021,17,Bego,ğŸ‘‰
2021-08-29,29,8,2021,17,Bego,ğŸ‘ˆ
2021-08-29,29,8,2021,17,Ju,ğŸ˜‚
2021-08-29,29,8,2021,17,Ju,ğŸ˜‚
2021-08-29,29,8,2021,17,Ju,ğŸ˜‚
2021-08-29,29,8,2021,17,Ju,ğŸ˜‚
2021-08-29,29,8,2021,20,Ju,ğŸ˜»
2021-08-29,29,8,2021,20,Ju,ğŸ˜»
2021-08-29,29,8,2021,20,Ju,ğŸ˜»
2021-08-29,29,8,2021,20,Ju,ğŸ˜»
2021-08-29,29,8,2021,20,Bego,ğŸ–¤
2021-08-29,29,8,2021,20,Ju,â¤
2021-08-29,29,8,2021,20,Ju,â¤
2021-08-30,30,8,2021,11,Ju,ğŸ˜‚
2021-08-30,30,8,2021,15,Bego,â¤
2021-02-09,9,2,2021,17,Ju,â¤
2021-02-09,9,2,2021,18,Bego,â¤
2021-02-09,9,2,2021,18,Ju,â¤
2021-02-09,9,2,2021,18,Ju,â¤
2021-02-09,9,2,2021,18,Ju,â¤
2021-02-09,9,2,2021,18,Ju,â¤
2021-02-09,9,2,2021,18,Ju,ğŸ˜»
2021-03-09,9,3,2021,8,Ju,ğŸŒ»
2021-03-09,9,3,2021,8,Ju,ğŸ˜
2021-03-09,9,3,2021,11,Ju,ğŸ˜‚
2021-06-09,9,6,2021,12,Ju,â¤
2021-06-09,9,6,2021,12,Ju,ğŸ™ˆ
2021-06-09,9,6,2021,12,Ju,ğŸ’€
2021-07-09,9,7,2021,11,Ju,â¤
2021-07-09,9,7,2021,11,Ju,â¤
2021-07-09,9,7,2021,22,Ju,â¤
2021-08-09,9,8,2021,19,Ju,â¤
2021-10-09,9,10,2021,13,Ju,ğŸ˜»
2021-10-09,9,10,2021,13,Ju,ğŸ˜»
2021-10-09,9,10,2021,13,Ju,ğŸ˜»
2021-10-09,9,10,2021,13,Ju,ğŸ˜»
2021-10-09,9,10,2021,13,Ju,ğŸ˜»
2021-11-09,9,11,2021,12,Ju,â¤
2021-11-09,9,11,2021,19,Ju,â¤
2021-12-09,9,12,2021,17,Ju,â¤
2021-12-09,9,12,2021,17,Bego,ğŸ’”
2021-09-13,13,9,2021,8,Ju,â¤
2021-09-13,13,9,2021,8,Bego,ğŸ˜¿
2021-09-13,13,9,2021,8,Bego,ğŸ‘
2021-09-13,13,9,2021,10,Bego,ğŸ˜•
2021-09-13,13,9,2021,22,Bego,ğŸ˜
2021-09-13,13,9,2021,22,Ju,â¤
2021-09-13,13,9,2021,22,Bego,ğŸ˜
2021-09-13,13,9,2021,22,Bego,ğŸ˜
2021-09-13,13,9,2021,22,Bego,ğŸ˜
2021-09-13,13,9,2021,22,Bego,ğŸ˜
2021-09-14,14,9,2021,14,Ju,â¤
2021-09-14,14,9,2021,14,Bego,â¤
2021-09-14,14,9,2021,16,Ju,ğŸ˜‚
2021-09-15,15,9,2021,19,Ju,ğŸ˜‚
2021-09-15,15,9,2021,19,Bego,ğŸ’”
2021-09-15,15,9,2021,23,Ju,ğŸ˜‚
2021-09-15,15,9,2021,23,Ju,ğŸ˜‚
2021-09-15,15,9,2021,23,Ju,ğŸ˜‚
2021-09-15,15,9,2021,23,Ju,ğŸ˜‚
2021-09-15,15,9,2021,23,Ju,ğŸ˜‚
2021-09-16,16,9,2021,7,Ju,â¤
2021-09-16,16,9,2021,15,Ju,â¤
2021-09-16,16,9,2021,16,Ju,ğŸ¥º
2021-09-16,16,9,2021,16,Ju,â¤
2021-09-16,16,9,2021,16,Ju,â¤
2021-09-16,16,9,2021,16,Bego,ğŸ¥²
2021-09-16,16,9,2021,17,Ju,â¤
2021-09-16,16,9,2021,17,Ju,â¤
2021-09-17,17,9,2021,8,Ju,â¤
2021-09-17,17,9,2021,18,Ju,ğŸ˜‚
2021-09-18,18,9,2021,2,Ju,â¤
2021-09-18,18,9,2021,2,Ju,â¤
2021-09-18,18,9,2021,5,Ju,â¤
2021-09-18,18,9,2021,5,Ju,â¤
2021-09-18,18,9,2021,5,Ju,â¤
2021-09-18,18,9,2021,5,Ju,â¤
2021-09-18,18,9,2021,10,Bego,ğŸ’“
2021-09-18,18,9,2021,10,Bego,ğŸ”¥
2021-09-18,18,9,2021,10,Bego,ğŸ¥°
2021-09-18,18,9,2021,10,Bego,ğŸ¥°
2021-09-18,18,9,2021,10,Bego,ğŸ¥°
2021-09-18,18,9,2021,10,Bego,â¤
2021-09-18,18,9,2021,10,Bego,ğŸ”¥
2021-09-18,18,9,2021,10,Bego,â¤
2021-09-18,18,9,2021,14,Ju,ğŸ˜‚
2021-09-18,18,9,2021,14,Bego,ğŸ˜¿
2021-09-18,18,9,2021,15,Ju,â¤
2021-09-18,18,9,2021,15,Ju,â¤
2021-09-18,18,9,2021,15,Ju,â¤
2021-09-19,19,9,2021,15,Ju,ğŸ˜‚
2021-09-19,19,9,2021,18,Bego,ğŸŒˆ
2021-09-19,19,9,2021,20,Ju,ğŸ¥µ
2021-09-19,19,9,2021,22,Ju,â¤
2021-09-19,19,9,2021,23,Bego,â¤
2021-09-19,19,9,2021,23,Bego,â¤
2021-09-20,20,9,2021,10,Ju,â¤
2021-09-20,20,9,2021,12,Ju,ğŸ˜‚
2021-09-20,20,9,2021,12,Ju,â¤
2021-09-20,20,9,2021,20,Ju,ğŸ¥²
2021-09-20,20,9,2021,20,Bego,ğŸ˜¿
2021-09-20,20,9,2021,20,Bego,ğŸ’›
2021-09-20,20,9,2021,20,Bego,ğŸ’›
2021-09-20,20,9,2021,20,Bego,ğŸ’›
2021-09-20,20,9,2021,20,Bego,ğŸ’›
2021-09-20,20,9,2021,20,Bego,ğŸ’›
2021-09-20,20,9,2021,20,Ju,â¤
2021-09-20,20,9,2021,20,Ju,ğŸ¥º
2021-09-20,20,9,2021,20,Ju,â¤
2021-09-21,21,9,2021,6,Bego,ğŸŒ»
2021-09-21,21,9,2021,6,Bego,ğŸŒ»
2021-09-21,21,9,2021,6,Bego,ğŸŒ»
2021-09-21,21,9,2021,6,Bego,ğŸŒ»
2021-09-21,21,9,2021,8,Ju,ğŸ¥²
2021-09-21,21,9,2021,14,Bego,ğŸ˜¬
2021-09-21,21,9,2021,14,Ju,ğŸ˜»
2021-09-21,21,9,2021,15,Bego,â¤
2021-09-22,22,9,2021,16,Bego,ğŸ 
2021-09-23,23,9,2021,13,Bego,â¤
2021-09-24,24,9,2021,7,Bego,ğŸ’“
2021-09-24,24,9,2021,17,Ju,â£
2021-09-27,27,9,2021,21,Bego,ğŸ˜¿
2021-09-29,29,9,2021,20,Bego,ğŸƒ
2021-09-30,30,9,2021,9,Bego,ğŸ‘‰
2021-09-30,30,9,2021,9,Bego,ğŸ‘ˆ
2021-09-30,30,9,2021,9,Bego,ğŸ’Š
2021-09-30,30,9,2021,10,Ju,ğŸ˜»
2021-09-30,30,9,2021,15,Bego,â¤
2021-09-30,30,9,2021,15,Bego,â¤
2021-09-30,30,9,2021,15,Bego,â¤
2021-09-30,30,9,2021,15,Bego,â¤
2021-09-30,30,9,2021,15,Bego,ğŸ’“
2021-09-30,30,9,2021,18,Ju,â¤
2021-09-30,30,9,2021,18,Ju,â¤
2021-09-30,30,9,2021,19,Ju,â¤
2021-09-30,30,9,2021,19,Ju,â¤
2021-09-30,30,9,2021,19,Ju,â¤
2021-09-30,30,9,2021,20,Bego,ğŸŒˆ
2021-09-30,30,9,2021,20,Bego,ğŸŒˆ
2021-09-30,30,9,2021,20,Bego,ğŸŒˆ
2021-09-30,30,9,2021,20,Bego,ğŸŒˆ
2021-09-30,30,9,2021,20,Bego,ğŸŒˆ
2021-09-30,30,9,2021,20,Bego,ğŸŒˆ
2021-09-30,30,9,2021,20,Bego,ğŸŒˆ
2021-09-30,30,9,2021,22,Ju,â¤
2021-01-10,10,1,2021,12,Ju,â¤
2021-01-10,10,1,2021,12,Ju,â¤
2021-01-10,10,1,2021,13,Ju,â¤
2021-01-10,10,1,2021,13,Ju,â¤
2021-01-10,10,1,2021,13,Ju,â¤
2021-01-10,10,1,2021,13,Ju,ğŸ˜˜
2021-01-10,10,1,2021,13,Ju,ğŸ˜˜
2021-01-10,10,1,2021,17,Ju,ğŸ˜‚
2021-01-10,10,1,2021,17,Ju,ğŸ˜‚
2021-02-10,10,2,2021,18,Ju,â¤
2021-02-10,10,2,2021,18,Ju,â¤
2021-02-10,10,2,2021,18,Bego,â¤
2021-02-10,10,2,2021,18,Bego,â¤
2021-02-10,10,2,2021,18,Bego,â¤
2021-02-10,10,2,2021,18,Bego,â¤
2021-02-10,10,2,2021,18,Bego,â¤
2021-02-10,10,2,2021,18,Bego,â¤
2021-04-10,10,4,2021,13,Ju,â¤
2021-04-10,10,4,2021,13,Ju,â¤
2021-05-10,10,5,2021,12,Bego,â¤
2021-05-10,10,5,2021,12,Bego,ğŸˆ
2021-06-10,10,6,2021,8,Bego,ğŸ¿
2021-06-10,10,6,2021,8,Bego,ğŸ˜¿
2021-06-10,10,6,2021,8,Bego,ğŸ˜¿
2021-06-10,10,6,2021,8,Bego,ğŸ˜¿
2021-06-10,10,6,2021,8,Bego,ğŸ˜¿
2021-06-10,10,6,2021,15,Ju,â¤
2021-06-10,10,6,2021,15,Ju,ğŸ˜‚
2021-06-10,10,6,2021,15,Ju,ğŸ¥µ
2021-08-10,10,8,2021,10,Ju,ğŸ˜‚
2021-08-10,10,8,2021,10,Ju,ğŸ˜‚
2021-09-10,10,9,2021,16,Bego,ğŸ’›
2021-09-10,10,9,2021,16,Bego,ğŸ§¡
2021-09-10,10,9,2021,16,Bego,â¤
2021-09-10,10,9,2021,16,Bego,ğŸ’œ
2021-09-10,10,9,2021,16,Bego,ğŸ’™
2021-09-10,10,9,2021,16,Bego,ğŸ’š
2021-09-10,10,9,2021,20,Bego,ğŸ§š
2021-09-10,10,9,2021,22,Ju,â¤
2021-12-10,10,12,2021,19,Bego,ğŸ’
2021-10-13,13,10,2021,11,Ju,â¤
2021-10-13,13,10,2021,11,Ju,â¤
2021-10-13,13,10,2021,11,Ju,â¤
2021-10-13,13,10,2021,14,Bego,ğŸ’“
2021-10-13,13,10,2021,14,Bego,ğŸ¥°
2021-10-13,13,10,2021,19,Ju,â¤
2021-10-13,13,10,2021,19,Ju,â¤
2021-10-13,13,10,2021,19,Ju,ğŸ˜œ
2021-10-13,13,10,2021,19,Bego,ğŸ¤¤
2021-10-13,13,10,2021,19,Ju,ğŸ˜‚
2021-10-13,13,10,2021,19,Ju,ğŸ˜‚
2021-10-13,13,10,2021,19,Ju,ğŸ˜‚
2021-10-13,13,10,2021,19,Ju,ğŸ˜‚
2021-10-13,13,10,2021,19,Ju,ğŸ˜‚
2021-10-13,13,10,2021,19,Ju,ğŸ˜‚
2021-10-13,13,10,2021,19,Ju,ğŸ˜‚
2021-10-13,13,10,2021,19,Ju,ğŸ˜‚
2021-10-14,14,10,2021,16,Bego,ğŸ’“
2021-10-14,14,10,2021,16,Bego,ğŸ¥²
2021-10-15,15,10,2021,16,Bego,ğŸ’“
2021-10-15,15,10,2021,16,Ju,â¤
2021-10-15,15,10,2021,16,Ju,â¤
2021-10-15,15,10,2021,16,Bego,ğŸ‘‰
2021-10-15,15,10,2021,16,Bego,ğŸ‘ˆ
2021-10-15,15,10,2021,19,Ju,â¤
2021-10-18,18,10,2021,19,Ju,â¤
2021-10-18,18,10,2021,19,Ju,â¤
2021-10-18,18,10,2021,19,Ju,â¤
2021-10-19,19,10,2021,9,Ju,ğŸ’“
2021-10-19,19,10,2021,9,Ju,ğŸ’“
2021-10-19,19,10,2021,13,Ju,ğŸ˜˜
2021-10-19,19,10,2021,13,Ju,ğŸ˜˜
2021-10-19,19,10,2021,13,Ju,ğŸ˜˜
2021-10-19,19,10,2021,13,Bego,ğŸ’“
2021-10-19,19,10,2021,13,Bego,ğŸ—
2021-10-19,19,10,2021,13,Bego,â¤
2021-10-19,19,10,2021,13,Ju,ğŸ˜‚
2021-10-19,19,10,2021,13,Ju,ğŸ˜‚
2021-10-19,19,10,2021,13,Ju,ğŸ˜‚
2021-10-19,19,10,2021,13,Ju,ğŸ˜‚
2021-10-19,19,10,2021,21,Bego,ğŸ’“
2021-10-20,20,10,2021,8,Bego,ğŸ·
2021-10-20,20,10,2021,8,Bego,ğŸ§š
2021-10-20,20,10,2021,11,Ju,â¤
2021-10-20,20,10,2021,11,Ju,â¤
2021-10-20,20,10,2021,11,Ju,â¤
2021-10-20,20,10,2021,14,Bego,ğŸ¥²
2021-10-20,20,10,2021,14,Bego,ğŸ¥²
2021-10-20,20,10,2021,14,Bego,ğŸ¥²
2021-10-20,20,10,2021,14,Bego,ğŸ¥²
2021-10-20,20,10,2021,14,Bego,ğŸ¥²
2021-10-20,20,10,2021,14,Bego,ğŸ—
2021-10-20,20,10,2021,14,Bego,ğŸ—
2021-10-20,20,10,2021,14,Bego,ğŸ—
2021-10-20,20,10,2021,14,Bego,ğŸ—
2021-10-20,20,10,2021,14,Bego,ğŸ—
2021-10-20,20,10,2021,14,Bego,ğŸ…
2021-10-20,20,10,2021,14,Bego,ğŸ…
2021-10-20,20,10,2021,14,Bego,ğŸ–¤
2021-10-20,20,10,2021,14,Bego,ğŸ…
2021-10-20,20,10,2021,14,Bego,ğŸ–¤
2021-10-20,20,10,2021,16,Ju,â¤
2021-10-20,20,10,2021,16,Ju,â¤
2021-10-21,21,10,2021,13,Ju,ğŸ™ˆ
2021-10-22,22,10,2021,11,Ju,â¤
2021-10-22,22,10,2021,17,Ju,â¤
2021-10-22,22,10,2021,17,Ju,â¤
2021-10-22,22,10,2021,17,Ju,ğŸ¤©
2021-10-22,22,10,2021,21,Ju,â¤
2021-10-22,22,10,2021,21,Ju,â¤
2021-10-25,25,10,2021,13,Bego,ğŸ’“
2021-10-25,25,10,2021,13,Bego,ğŸ’“
2021-10-25,25,10,2021,18,Ju,ğŸ˜‚
2021-10-26,26,10,2021,9,Ju,ğŸŒ
2021-10-26,26,10,2021,9,Ju,ğŸŒ»
2021-10-26,26,10,2021,9,Ju,âœ¨
2021-10-26,26,10,2021,14,Bego,â˜
2021-10-26,26,10,2021,14,Bego,ğŸ‘‰
2021-10-27,27,10,2021,17,Bego,â¤
2021-10-27,27,10,2021,20,Ju,ğŸ˜‚
2021-10-28,28,10,2021,6,Bego,â¤
2021-10-28,28,10,2021,8,Bego,ğŸ§š
2021-10-28,28,10,2021,8,Bego,ğŸ‘‰
2021-10-28,28,10,2021,8,Bego,ğŸ‘ˆ
2021-10-28,28,10,2021,8,Bego,ğŸ™€
2021-10-28,28,10,2021,13,Ju,ğŸ¤©
2021-10-28,28,10,2021,14,Ju,ğŸ˜‚
2021-10-28,28,10,2021,14,Ju,â¤
2021-10-29,29,10,2021,8,Ju,ğŸ¥µ
2021-10-29,29,10,2021,8,Ju,ğŸ¤©
2021-10-29,29,10,2021,8,Ju,ğŸ¤©
2021-10-29,29,10,2021,8,Ju,ğŸ˜˜
2021-10-29,29,10,2021,8,Ju,ğŸ˜˜
2021-10-29,29,10,2021,8,Ju,ğŸ˜»
2021-10-29,29,10,2021,8,Ju,âœ¨
2021-10-29,29,10,2021,8,Bego,ğŸ‘¶
2021-10-29,29,10,2021,8,Bego,ğŸ»
2021-10-29,29,10,2021,8,Bego,ğŸ’“
2021-10-29,29,10,2021,9,Ju,â¤
2021-10-29,29,10,2021,11,Ju,â¤
2021-10-29,29,10,2021,11,Ju,âœ¨
2021-10-29,29,10,2021,11,Ju,ğŸ¥º
2021-10-31,31,10,2021,13,Ju,â¤
2021-10-31,31,10,2021,13,Ju,â¤
2021-01-11,11,1,2021,18,Bego,â¤
2021-01-11,11,1,2021,20,Ju,â¤
2021-01-11,11,1,2021,20,Ju,â¤
2021-04-11,11,4,2021,8,Bego,ğŸ¥²
2021-04-11,11,4,2021,8,Bego,ğŸ¥š
2021-04-11,11,4,2021,8,Ju,â¤
2021-04-11,11,4,2021,8,Ju,â¤
2021-04-11,11,4,2021,12,Bego,ğŸ–¤
2021-04-11,11,4,2021,13,Ju,â¤
2021-04-11,11,4,2021,14,Bego,ğŸ˜ˆ
2021-04-11,11,4,2021,16,Bego,ğŸ‘¼
2021-04-11,11,4,2021,16,Bego,ğŸ‘¼
2021-04-11,11,4,2021,16,Bego,ğŸ¿
2021-04-11,11,4,2021,16,Bego,ğŸ«
2021-04-11,11,4,2021,16,Ju,â¤
2021-04-11,11,4,2021,16,Ju,ğŸ¥³
2021-04-11,11,4,2021,18,Ju,ğŸ˜‚
2021-04-11,11,4,2021,18,Ju,ğŸ˜‚
2021-05-11,11,5,2021,14,Bego,â¤
2021-06-11,11,6,2021,1,Ju,ğŸ˜‚
2021-06-11,11,6,2021,5,Ju,â¤
2021-09-11,11,9,2021,16,Ju,ğŸ˜‚
2021-09-11,11,9,2021,16,Bego,ğŸ‘¼
2021-09-11,11,9,2021,16,Bego,ğŸ‘¼
2021-09-11,11,9,2021,16,Bego,ğŸ¿
2021-09-11,11,9,2021,16,Ju,ğŸ˜‚
2021-09-11,11,9,2021,16,Ju,ğŸ˜‚
2021-09-11,11,9,2021,16,Ju,ğŸ˜‚
2021-09-11,11,9,2021,16,Ju,ğŸ˜‚
2021-09-11,11,9,2021,16,Ju,ğŸ˜‚
2021-09-11,11,9,2021,16,Ju,ğŸ˜‚
2021-09-11,11,9,2021,16,Ju,ğŸ˜‚
2021-09-11,11,9,2021,16,Ju,ğŸ˜‚
2021-09-11,11,9,2021,16,Ju,ğŸ˜‚
2021-10-11,11,10,2021,10,Ju,â¤
2021-10-11,11,10,2021,14,Bego,ğŸ§
2021-10-11,11,10,2021,14,Bego,ğŸ¥²
2021-10-11,11,10,2021,14,Bego,ğŸ˜‰
2021-10-11,11,10,2021,14,Bego,ğŸ˜‰
2021-10-11,11,10,2021,14,Bego,ğŸ˜‰
2021-10-11,11,10,2021,14,Bego,ğŸ˜‰
2021-10-11,11,10,2021,14,Bego,ğŸ˜‰
2021-10-11,11,10,2021,14,Bego,ğŸ˜‰
2021-10-11,11,10,2021,15,Bego,ğŸ’©
2021-12-11,11,12,2021,9,Ju,ğŸ˜˜
2021-12-11,11,12,2021,14,Ju,â¤
2021-12-11,11,12,2021,14,Ju,â¤
2021-12-11,11,12,2021,16,Ju,ğŸ˜˜
2021-12-11,11,12,2021,16,Ju,ğŸ˜˜
2021-12-11,11,12,2021,16,Ju,ğŸ˜˜
2021-12-11,11,12,2021,16,Ju,ğŸ˜‚
2021-11-13,13,11,2021,14,Ju,â¤
2021-11-14,14,11,2021,19,Ju,â¤
2021-11-14,14,11,2021,19,Ju,â¤
2021-11-16,16,11,2021,12,Ju,ğŸ˜‚
2021-11-16,16,11,2021,13,Ju,ğŸ¥³
2021-11-16,16,11,2021,13,Ju,ğŸ˜˜
2021-11-16,16,11,2021,13,Ju,ğŸ˜
2021-11-16,16,11,2021,22,Ju,ğŸ˜‚
2021-11-16,16,11,2021,22,Ju,ğŸ˜‚
2021-11-16,16,11,2021,22,Ju,ğŸ˜‚
2021-11-16,16,11,2021,22,Ju,ğŸ˜‚
2021-11-17,17,11,2021,9,Ju,â¤
2021-11-17,17,11,2021,9,Ju,â¤
2021-11-17,17,11,2021,10,Ju,ğŸ˜‚
2021-11-17,17,11,2021,10,Ju,ğŸ™ˆ
2021-11-17,17,11,2021,10,Bego,ğŸ’
2021-11-17,17,11,2021,10,Bego,ğŸ’
2021-11-17,17,11,2021,11,Ju,ğŸ˜‚
2021-11-17,17,11,2021,11,Bego,ğŸ’“
2021-11-17,17,11,2021,11,Bego,ğŸ’“
2021-11-17,17,11,2021,11,Bego,ğŸ’“
2021-11-17,17,11,2021,11,Bego,ğŸ’“
2021-11-17,17,11,2021,11,Bego,ğŸ’“
2021-11-17,17,11,2021,12,Ju,ğŸ¥º
2021-11-17,17,11,2021,12,Bego,ğŸ’
2021-11-17,17,11,2021,12,Bego,ğŸ˜ˆ
2021-11-17,17,11,2021,12,Bego,â¤
2021-11-17,17,11,2021,15,Bego,ğŸ˜ˆ
2021-11-17,17,11,2021,15,Ju,ğŸ¤‘
2021-11-17,17,11,2021,17,Ju,â¤
2021-11-17,17,11,2021,17,Bego,ğŸ˜¢
2021-11-17,17,11,2021,17,Bego,ğŸ¤¢
2021-11-17,17,11,2021,17,Ju,ğŸ˜»
2021-11-17,17,11,2021,18,Ju,â¤
2021-11-18,18,11,2021,12,Bego,ğŸ™„
2021-11-18,18,11,2021,12,Ju,ğŸ˜»
2021-11-18,18,11,2021,12,Ju,ğŸ˜»
2021-11-18,18,11,2021,12,Ju,ğŸ˜»
2021-11-18,18,11,2021,12,Ju,ğŸ˜»
2021-11-18,18,11,2021,12,Ju,ğŸ˜»
2021-11-18,18,11,2021,12,Ju,ğŸ˜»
2021-11-18,18,11,2021,15,Ju,ğŸ˜»
2021-11-18,18,11,2021,19,Bego,ğŸ™ƒ
2021-11-19,19,11,2021,12,Ju,â¤
2021-11-19,19,11,2021,12,Ju,âœ¨
2021-11-19,19,11,2021,12,Ju,âœ¨
2021-11-19,19,11,2021,12,Ju,âœ¨
2021-11-19,19,11,2021,12,Ju,ğŸ¥º
2021-11-19,19,11,2021,12,Bego,ğŸ”¥
2021-11-19,19,11,2021,12,Bego,â¤
2021-11-19,19,11,2021,15,Ju,â¤
2021-11-19,19,11,2021,15,Ju,â¤
2021-11-19,19,11,2021,18,Bego,ğŸ’”
2021-11-19,19,11,2021,18,Ju,â¤
2021-11-19,19,11,2021,18,Ju,â¤
2021-11-19,19,11,2021,18,Ju,â¤
2021-11-19,19,11,2021,18,Ju,â¤
2021-11-19,19,11,2021,21,Bego,â¤
2021-11-19,19,11,2021,21,Bego,â¤
2021-11-19,19,11,2021,21,Bego,â¤
2021-11-19,19,11,2021,21,Bego,â¤
2021-11-19,19,11,2021,21,Ju,â¤
2021-11-19,19,11,2021,21,Ju,â¤
2021-11-19,19,11,2021,21,Ju,ğŸ¥³
2021-11-19,19,11,2021,21,Ju,ğŸ¥³
2021-11-19,19,11,2021,21,Ju,ğŸ‘…
2021-11-19,19,11,2021,21,Ju,ğŸ‘…
2021-11-19,19,11,2021,21,Ju,ğŸ™ˆ
2021-11-19,19,11,2021,21,Bego,ğŸ‘¶
2021-11-19,19,11,2021,21,Bego,ğŸ»
2021-11-19,19,11,2021,21,Bego,ğŸ‘¶
2021-11-19,19,11,2021,21,Bego,ğŸ»
2021-11-19,19,11,2021,21,Bego,ğŸ‘¶
2021-11-19,19,11,2021,21,Bego,ğŸ»
2021-11-19,19,11,2021,21,Bego,ğŸ‘¶
2021-11-19,19,11,2021,21,Bego,ğŸ»
2021-11-19,19,11,2021,21,Bego,ğŸ‘¶
2021-11-19,19,11,2021,21,Bego,ğŸ»
2021-11-19,19,11,2021,21,Bego,ğŸ‘¶
2021-11-19,19,11,2021,21,Bego,ğŸ»
2021-11-20,20,11,2021,21,Bego,ğŸ¥º
2021-11-21,21,11,2021,0,Ju,â¤
2021-11-21,21,11,2021,0,Ju,â¤
2021-11-21,21,11,2021,0,Ju,ğŸ˜‚
2021-11-21,21,11,2021,17,Bego,â¤
2021-11-21,21,11,2021,17,Bego,â¤
2021-11-21,21,11,2021,17,Bego,â¤
2021-11-21,21,11,2021,17,Bego,â¤
2021-11-21,21,11,2021,17,Bego,â¤
2021-11-21,21,11,2021,17,Bego,ğŸ‘¶
2021-11-21,21,11,2021,17,Bego,ğŸ»
2021-11-21,21,11,2021,17,Bego,ğŸ–¤
2021-11-21,21,11,2021,18,Ju,ğŸ‘¶
2021-11-21,21,11,2021,18,Ju,â¤
2021-11-21,21,11,2021,18,Ju,âœ¨
2021-11-21,21,11,2021,18,Ju,ğŸ˜‚
2021-11-21,21,11,2021,18,Bego,ğŸ–¤
2021-11-21,21,11,2021,19,Bego,ğŸ¤
2021-11-21,21,11,2021,19,Bego,ğŸ¤
2021-11-21,21,11,2021,19,Bego,ğŸ¤
2021-11-21,21,11,2021,19,Bego,ğŸ¤
2021-11-21,21,11,2021,19,Bego,ğŸ¤
2021-11-22,22,11,2021,13,Ju,â¤
2021-11-22,22,11,2021,13,Ju,â¤
2021-11-22,22,11,2021,13,Ju,ğŸ¥²
2021-11-22,22,11,2021,17,Ju,ğŸ˜¢
2021-11-22,22,11,2021,17,Ju,ğŸ˜¢
2021-11-22,22,11,2021,17,Ju,ğŸ˜¢
2021-11-22,22,11,2021,18,Bego,ğŸ–
2021-11-22,22,11,2021,18,Bego,â¤
2021-11-23,23,11,2021,9,Ju,ğŸŒ
2021-11-23,23,11,2021,9,Ju,â¤
2021-11-23,23,11,2021,9,Ju,â¤
2021-11-23,23,11,2021,9,Ju,â¤
2021-11-24,24,11,2021,16,Bego,ğŸ’”
2021-11-24,24,11,2021,16,Ju,âœ¨
2021-11-24,24,11,2021,16,Bego,â¤
2021-11-24,24,11,2021,16,Bego,ğŸ–¤
2021-11-24,24,11,2021,16,Bego,ğŸ¤
2021-11-24,24,11,2021,19,Bego,ğŸ’”
2021-11-25,25,11,2021,7,Bego,ğŸ™„
2021-11-25,25,11,2021,7,Bego,ğŸ™„
2021-11-25,25,11,2021,7,Bego,ğŸ™„
2021-11-25,25,11,2021,7,Bego,ğŸ™„
2021-11-25,25,11,2021,7,Bego,ğŸ™„
2021-11-25,25,11,2021,7,Bego,ğŸ™„
2021-11-25,25,11,2021,7,Bego,ğŸ™„
2021-11-25,25,11,2021,7,Ju,ğŸ˜‚
2021-11-25,25,11,2021,7,Ju,ğŸ˜‚
2021-11-25,25,11,2021,7,Ju,ğŸ˜‚
2021-11-25,25,11,2021,8,Ju,ğŸ˜‚
2021-11-25,25,11,2021,8,Ju,ğŸ˜‚
2021-11-25,25,11,2021,18,Ju,ğŸ˜¢
2021-11-27,27,11,2021,0,Ju,ğŸ’£
2021-11-27,27,11,2021,0,Ju,ğŸ’£
2021-11-27,27,11,2021,0,Ju,ğŸ’£
2021-11-27,27,11,2021,0,Ju,â¤
2021-11-27,27,11,2021,0,Ju,â¤
2021-11-29,29,11,2021,18,Ju,ğŸ˜˜
2021-11-29,29,11,2021,22,Ju,â¤
2021-11-30,30,11,2021,8,Ju,â¤
2021-11-30,30,11,2021,8,Ju,â¤
2021-11-30,30,11,2021,8,Ju,ğŸ¥º
2021-11-30,30,11,2021,8,Bego,ğŸ˜­
2021-11-30,30,11,2021,8,Bego,ğŸ˜­
2021-11-30,30,11,2021,8,Bego,ğŸ˜­
2021-11-30,30,11,2021,8,Bego,ğŸ˜¥
2021-01-12,12,1,2021,14,Ju,â¤
2021-01-12,12,1,2021,18,Bego,â¤
2021-01-12,12,1,2021,18,Ju,â¤
2021-01-12,12,1,2021,18,Bego,ğŸ¤¯
2021-01-12,12,1,2021,22,Bego,ğŸ¤¯
2021-01-12,12,1,2021,22,Bego,â¤
2021-01-12,12,1,2021,22,Ju,âœ¨
2021-01-12,12,1,2021,22,Ju,â¤
2021-02-12,12,2,2021,12,Bego,â¤
2021-03-12,12,3,2021,9,Bego,ğŸ˜¥
2021-03-12,12,3,2021,14,Ju,â¤
2021-03-12,12,3,2021,14,Ju,â¤
2021-03-12,12,3,2021,14,Ju,âœ¨
2021-03-12,12,3,2021,16,Bego,â¤
2021-03-12,12,3,2021,22,Bego,ğŸŒ»
2021-04-12,12,4,2021,11,Ju,â¤
2021-04-12,12,4,2021,15,Ju,ğŸ˜‚
2021-04-12,12,4,2021,16,Bego,ğŸ§š
2021-04-12,12,4,2021,16,Bego,ğŸ¥²
2021-04-12,12,4,2021,16,Ju,â¤
2021-08-12,12,8,2021,15,Ju,ğŸ˜‚
2021-08-12,12,8,2021,15,Ju,ğŸ˜‚
2021-08-12,12,8,2021,15,Ju,ğŸ˜‚
2021-08-12,12,8,2021,15,Ju,ğŸ˜‚
2021-08-12,12,8,2021,15,Ju,ğŸ˜‚
2021-10-12,12,10,2021,12,Ju,â¤
2021-10-12,12,10,2021,12,Ju,â¤
2021-10-12,12,10,2021,12,Ju,ğŸ¤¯
2021-12-15,15,12,2021,12,Bego,â˜º
2021-12-15,15,12,2021,12,Ju,âœ¨
2021-12-15,15,12,2021,12,Ju,âœ¨
2021-12-16,16,12,2021,15,Ju,ğŸ˜‚
2021-12-16,16,12,2021,15,Ju,ğŸ˜‚
2021-12-16,16,12,2021,15,Ju,ğŸ˜‚
2021-12-16,16,12,2021,15,Ju,ğŸ˜‚
2021-12-16,16,12,2021,15,Ju,ğŸ˜‚
2021-12-16,16,12,2021,15,Ju,ğŸ˜‚
2021-12-16,16,12,2021,15,Ju,ğŸ˜‚
2021-12-16,16,12,2021,15,Ju,ğŸ˜‚
2021-12-16,16,12,2021,15,Ju,ğŸ˜‚
2021-12-16,16,12,2021,15,Ju,ğŸ˜‚
2021-12-16,16,12,2021,15,Ju,ğŸ˜‚
2021-12-16,16,12,2021,15,Ju,ğŸ˜‚
2021-12-16,16,12,2021,15,Ju,ğŸ˜‚
2021-12-16,16,12,2021,15,Ju,ğŸ˜‚
2021-12-16,16,12,2021,15,Ju,ğŸ˜‚
2021-12-16,16,12,2021,15,Bego,ğŸ˜‚
2021-12-17,17,12,2021,12,Ju,ğŸ˜‚
2021-12-17,17,12,2021,12,Ju,ğŸ¤—
2021-12-17,17,12,2021,15,Ju,ğŸ¥º
2021-12-17,17,12,2021,15,Ju,ğŸ¥º
2021-12-17,17,12,2021,15,Ju,ğŸ¥º
2021-12-17,17,12,2021,15,Ju,ğŸ¥º
2021-12-17,17,12,2021,15,Ju,ğŸ¥º
2021-12-17,17,12,2021,15,Ju,ğŸ¥º
2021-12-17,17,12,2021,15,Bego,ğŸ˜¬
2021-12-17,17,12,2021,18,Ju,ğŸ˜‚
2021-12-17,17,12,2021,18,Ju,ğŸ˜‚
2021-12-17,17,12,2021,18,Ju,ğŸ˜‚
2021-12-17,17,12,2021,18,Ju,ğŸ˜‚
2021-12-19,19,12,2021,15,Ju,â¤
2021-12-20,20,12,2021,12,Ju,â¤
2021-12-20,20,12,2021,12,Ju,â¤
2021-12-20,20,12,2021,13,Ju,ğŸ˜‚
2021-12-20,20,12,2021,13,Ju,ğŸ˜‚
2021-12-20,20,12,2021,13,Ju,ğŸ˜‚
2021-12-20,20,12,2021,13,Ju,ğŸ˜‚
2021-12-20,20,12,2021,13,Ju,â¤
2021-12-20,20,12,2021,13,Bego,ğŸ¥º
2021-12-20,20,12,2021,13,Bego,ğŸ¥º
2021-12-20,20,12,2021,13,Bego,ğŸ¥º
2021-12-20,20,12,2021,13,Ju,ğŸ¥º
2021-12-20,20,12,2021,13,Ju,ğŸ¥º
2021-12-20,20,12,2021,14,Ju,ğŸ˜‚
2021-12-20,20,12,2021,14,Ju,ğŸ¤¯
2021-12-20,20,12,2021,14,Ju,ğŸ˜‚
2021-12-20,20,12,2021,16,Ju,ğŸ’—
2021-12-20,20,12,2021,16,Ju,ğŸ’—
2021-12-20,20,12,2021,16,Ju,ğŸ’—
2021-12-20,20,12,2021,16,Ju,ğŸ’—
2021-12-20,20,12,2021,21,Bego,ğŸ‘‹
2021-12-20,20,12,2021,21,Bego,âœ‹
2021-12-20,20,12,2021,21,Bego,ğŸ‘‹
2021-12-20,20,12,2021,21,Bego,âœ‹
2021-12-20,20,12,2021,21,Bego,ğŸ’”
2021-12-20,20,12,2021,21,Bego,ğŸ’”
2021-12-20,20,12,2021,21,Bego,ğŸ’”
2021-12-20,20,12,2021,21,Bego,ğŸ’”
2021-12-20,20,12,2021,21,Bego,ğŸ’”
2021-12-20,20,12,2021,21,Bego,ğŸ’”
2021-12-20,20,12,2021,21,Bego,ğŸ˜¿
2021-12-21,21,12,2021,10,Ju,ğŸ˜»
2021-12-21,21,12,2021,10,Ju,ğŸ˜»
2021-12-21,21,12,2021,10,Bego,ğŸ¥³
2021-12-21,21,12,2021,10,Bego,ğŸ¥³
2021-12-21,21,12,2021,10,Bego,ğŸ¥³
2021-12-21,21,12,2021,10,Bego,ğŸ¥³
2021-12-21,21,12,2021,14,Ju,â¤
2021-12-21,21,12,2021,14,Ju,â¤
2021-12-21,21,12,2021,16,Bego,ğŸ–¤
2021-12-22,22,12,2021,11,Ju,âœ¨
2021-12-22,22,12,2021,11,Ju,ğŸ˜‚
2021-12-22,22,12,2021,11,Bego,ğŸ–¤
2021-12-22,22,12,2021,11,Bego,ğŸ–¤
2021-12-22,22,12,2021,20,Bego,ğŸ–¤
2021-12-22,22,12,2021,20,Bego,ğŸ’©
2021-12-22,22,12,2021,20,Ju,ğŸ˜‚
2021-12-22,22,12,2021,20,Ju,â¤
2021-12-22,22,12,2021,20,Ju,ğŸ¥º
2021-12-22,22,12,2021,20,Ju,ğŸ˜»
2021-12-22,22,12,2021,20,Ju,ğŸ’“
2021-12-22,22,12,2021,23,Ju,â¤
2021-12-22,22,12,2021,23,Bego,ğŸ’“
2021-12-22,22,12,2021,23,Ju,ğŸ˜»
2021-12-23,23,12,2021,10,Bego,ğŸ–¤
2021-12-23,23,12,2021,14,Ju,ğŸ˜»
2021-12-23,23,12,2021,14,Ju,ğŸ˜»
2021-12-23,23,12,2021,14,Ju,ğŸ˜»
2021-12-23,23,12,2021,14,Ju,ğŸ˜»
2021-12-23,23,12,2021,14,Ju,ğŸ˜»
2021-12-23,23,12,2021,14,Ju,ğŸ˜»
2021-12-23,23,12,2021,14,Ju,â¤
2021-12-23,23,12,2021,14,Ju,â¤
2021-12-23,23,12,2021,16,Bego,ğŸ–¤
2021-12-23,23,12,2021,17,Bego,ğŸ˜­
2021-12-24,24,12,2021,11,Ju,â¤
2021-12-24,24,12,2021,16,Bego,ğŸ’”
2021-12-24,24,12,2021,16,Bego,ğŸ’“
2021-12-24,24,12,2021,16,Bego,ğŸ’”
2021-12-24,24,12,2021,16,Bego,ğŸ˜¿
2021-12-24,24,12,2021,16,Ju,ğŸ¥º
2021-12-24,24,12,2021,16,Ju,ğŸ¥º
2021-12-24,24,12,2021,16,Bego,ğŸ¥º
2021-12-24,24,12,2021,16,Bego,ğŸ–¤
2021-12-24,24,12,2021,16,Bego,ğŸ–¤
2021-12-24,24,12,2021,16,Bego,ğŸ–¤
2021-12-24,24,12,2021,16,Ju,â¤
2021-12-24,24,12,2021,16,Ju,â¤
2021-12-24,24,12,2021,16,Ju,â¤
2021-12-24,24,12,2021,16,Ju,â¤
2021-12-24,24,12,2021,16,Ju,â¤
2021-12-24,24,12,2021,16,Ju,â¤
2021-12-24,24,12,2021,20,Bego,ğŸ’”
2021-12-24,24,12,2021,20,Bego,ğŸ’”
2021-12-24,24,12,2021,20,Bego,ğŸ˜¿
2021-12-24,24,12,2021,20,Bego,ğŸ’“
2021-12-24,24,12,2021,20,Ju,â¤
2021-12-24,24,12,2021,20,Ju,â¤
2021-12-26,26,12,2021,9,Bego,â¤
2021-12-26,26,12,2021,9,Bego,â¤
2021-12-26,26,12,2021,9,Bego,â¤
2021-12-26,26,12,2021,9,Bego,â¤
2021-12-26,26,12,2021,9,Bego,â¤
2021-12-26,26,12,2021,9,Bego,â¤
2021-12-26,26,12,2021,13,Ju,ğŸ¥³
2021-12-26,26,12,2021,17,Ju,ğŸ˜‚
2021-12-26,26,12,2021,17,Ju,ğŸ˜‚
2021-12-26,26,12,2021,17,Ju,ğŸ˜‚
2021-12-26,26,12,2021,17,Ju,ğŸ˜‚
2021-12-26,26,12,2021,17,Ju,ğŸ˜‚
2021-12-26,26,12,2021,19,Bego,ğŸ¥º
2021-12-26,26,12,2021,19,Bego,ğŸ¥º
2021-12-26,26,12,2021,19,Bego,ğŸ¥º
2021-12-26,26,12,2021,19,Bego,ğŸ¥º
2021-12-26,26,12,2021,19,Bego,ğŸ¥º
2021-12-26,26,12,2021,19,Bego,ğŸ¥º
2021-12-26,26,12,2021,19,Bego,â¤
2021-12-26,26,12,2021,19,Ju,ğŸ˜‚
2021-12-27,27,12,2021,14,Ju,â¤
2021-12-27,27,12,2021,14,Ju,â¤
2021-12-27,27,12,2021,14,Ju,â¤
2021-12-27,27,12,2021,14,Ju,â¤
2021-12-27,27,12,2021,14,Ju,ğŸ˜˜
2021-12-27,27,12,2021,14,Ju,ğŸ˜˜
2021-12-27,27,12,2021,14,Ju,â¤
2021-12-27,27,12,2021,14,Ju,â¤
2021-12-27,27,12,2021,14,Ju,ğŸ¥º
2021-12-27,27,12,2021,14,Ju,â¤
2021-12-27,27,12,2021,14,Ju,â¤
2021-12-27,27,12,2021,14,Bego,ğŸ¥³
2021-12-27,27,12,2021,14,Ju,â¤
2021-12-27,27,12,2021,14,Ju,â¤
2021-12-27,27,12,2021,14,Ju,â¤
2021-12-27,27,12,2021,14,Ju,â¤
2021-12-27,27,12,2021,14,Ju,â¤
2021-12-27,27,12,2021,17,Bego,ğŸ¤£
2021-12-27,27,12,2021,22,Bego,â¤
2021-12-27,27,12,2021,23,Ju,â¤
2021-12-27,27,12,2021,23,Ju,â¤
2021-12-27,27,12,2021,23,Ju,â¤
2021-12-27,27,12,2021,23,Ju,ğŸ¥³
2021-12-28,28,12,2021,20,Bego,ğŸ¥°
2021-12-28,28,12,2021,20,Bego,ğŸš€
2021-12-28,28,12,2021,20,Bego,â¤
2021-12-28,28,12,2021,20,Ju,â¤
2021-12-28,28,12,2021,20,Ju,â¤
2021-12-28,28,12,2021,20,Ju,â¤
2021-12-28,28,12,2021,20,Ju,ğŸ˜‚
2021-12-28,28,12,2021,20,Ju,ğŸ˜‚
2021-12-28,28,12,2021,20,Ju,ğŸ˜‚
2021-12-28,28,12,2021,21,Ju,â¤
2021-12-29,29,12,2021,18,Ju,âœ¨
2021-12-29,29,12,2021,18,Ju,âœ¨
2021-12-29,29,12,2021,18,Ju,âœ¨
2021-12-29,29,12,2021,18,Ju,ğŸ¤—
2021-12-29,29,12,2021,18,Ju,ğŸ¤—
2021-12-29,29,12,2021,18,Ju,ğŸ¤—
2021-12-30,30,12,2021,17,Ju,â¤
2021-12-30,30,12,2021,17,Ju,â¤
2021-12-30,30,12,2021,17,Ju,â¤
2021-12-30,30,12,2021,17,Bego,âœ¨
2021-12-30,30,12,2021,17,Bego,âœ¨
2021-12-30,30,12,2021,17,Bego,âœ¨
2021-12-30,30,12,2021,20,Ju,â¤
2021-12-30,30,12,2021,20,Ju,â¤
2021-12-30,30,12,2021,20,Ju,â¤
2021-12-30,30,12,2021,20,Ju,â¤
2021-12-30,30,12,2021,20,Bego,ğŸ¥º
2021-12-31,31,12,2021,13,Bego,ğŸ¥º
2021-12-31,31,12,2021,13,Ju,ğŸ˜‚
2021-12-31,31,12,2021,15,Ju,ğŸ˜‚
2021-12-31,31,12,2021,15,Ju,ğŸ˜‚
2021-12-31,31,12,2021,15,Ju,ğŸ˜‚
2021-12-31,31,12,2021,20,Ju,â¤
2022-01-01,1,1,2022,8,Bego,â¤
2022-01-01,1,1,2022,8,Bego,â¤
2022-01-01,1,1,2022,9,Bego,ğŸ–¤
2022-06-01,1,6,2022,17,Ju,ğŸ˜‚
2022-06-01,1,6,2022,17,Ju,ğŸ˜‚
2022-06-01,1,6,2022,17,Ju,ğŸ˜‚
2022-06-01,1,6,2022,17,Ju,ğŸ˜‚
2022-06-01,1,6,2022,17,Ju,ğŸ˜‚
2022-06-01,1,6,2022,17,Ju,ğŸ˜‚
2022-06-01,1,6,2022,17,Ju,ğŸ˜‚
2022-06-01,1,6,2022,17,Ju,ğŸ˜‚
2022-06-01,1,6,2022,17,Ju,ğŸ˜‚
2022-06-01,1,6,2022,17,Ju,ğŸ˜‚
2022-07-01,1,7,2022,10,Ju,â¤
2022-07-01,1,7,2022,10,Bego,ğŸ¥º
2022-07-01,1,7,2022,10,Bego,ğŸ¥º
2022-07-01,1,7,2022,10,Bego,ğŸ¥º
2022-07-01,1,7,2022,10,Bego,ğŸ¥º
2022-07-01,1,7,2022,15,Ju,â¤
2022-07-01,1,7,2022,15,Ju,â¤
2022-08-01,1,8,2022,20,Ju,ğŸ’•
2022-09-01,1,9,2022,18,Ju,ğŸ¥³
2022-11-01,1,11,2022,19,Bego,â¤
2022-11-01,1,11,2022,19,Bego,â¤
2022-11-01,1,11,2022,19,Bego,â¤
2022-11-01,1,11,2022,19,Bego,âœ¨
2022-11-01,1,11,2022,22,Ju,ğŸ˜»
2022-11-01,1,11,2022,22,Ju,ğŸ˜»
2022-12-01,1,12,2022,16,Ju,ğŸ’•
2022-12-01,1,12,2022,16,Ju,ğŸ˜‚
2022-12-01,1,12,2022,16,Ju,ğŸ˜‚
2022-12-01,1,12,2022,16,Ju,ğŸ˜‚
2022-12-01,1,12,2022,16,Ju,ğŸ˜¼
2022-12-01,1,12,2022,16,Ju,ğŸ˜‚
2022-01-14,14,1,2022,10,Bego,ğŸ¥º
2022-01-14,14,1,2022,16,Bego,ğŸ˜¬
2022-01-14,14,1,2022,16,Bego,ğŸ˜¬
2022-01-14,14,1,2022,16,Bego,ğŸ˜¬
2022-01-14,14,1,2022,16,Bego,ğŸ˜¬
2022-01-14,14,1,2022,16,Bego,ğŸ˜¬
2022-01-14,14,1,2022,16,Bego,ğŸ˜¬
2022-01-14,14,1,2022,16,Bego,ğŸ˜¬
2022-01-14,14,1,2022,16,Bego,ğŸ˜¬
2022-01-14,14,1,2022,17,Ju,ğŸ˜‚
2022-01-14,14,1,2022,17,Ju,ğŸ˜‚
2022-01-14,14,1,2022,17,Ju,ğŸ˜‚
2022-01-14,14,1,2022,17,Ju,ğŸ˜»
2022-01-14,14,1,2022,17,Ju,ğŸ˜»
2022-01-14,14,1,2022,17,Ju,ğŸ˜‚
2022-01-14,14,1,2022,17,Ju,ğŸ˜‚
2022-01-14,14,1,2022,17,Ju,ğŸ˜‚
2022-01-14,14,1,2022,17,Ju,ğŸ˜‚
2022-01-14,14,1,2022,17,Ju,ğŸ˜‚
2022-01-15,15,1,2022,14,Bego,â¤
2022-01-15,15,1,2022,14,Bego,â¤
2022-01-15,15,1,2022,14,Bego,â¤
2022-01-16,16,1,2022,15,Bego,ğŸ’”
2022-01-17,17,1,2022,10,Ju,âœ¨
2022-01-17,17,1,2022,10,Ju,ğŸ˜»
2022-01-17,17,1,2022,10,Ju,ğŸ˜»
2022-01-24,24,1,2022,23,Ju,ğŸ˜‚
2022-01-25,25,1,2022,8,Ju,ğŸ’•
2022-01-25,25,1,2022,8,Ju,ğŸ’•
2022-01-25,25,1,2022,8,Ju,âœ¨
2022-01-26,26,1,2022,13,Ju,â¤
2022-01-26,26,1,2022,13,Bego,ğŸ€
2022-01-26,26,1,2022,14,Ju,ğŸ˜‚
2022-01-26,26,1,2022,14,Ju,ğŸ˜‚
2022-01-26,26,1,2022,17,Ju,â¤
2022-01-27,27,1,2022,12,Bego,â›„
2022-01-27,27,1,2022,12,Bego,ğŸ–¤
2022-01-27,27,1,2022,13,Bego,ğŸ¥²
2022-01-27,27,1,2022,13,Bego,ğŸ¥²
2022-01-27,27,1,2022,13,Bego,ğŸ¥²
2022-01-27,27,1,2022,13,Bego,ğŸ¥²
2022-01-27,27,1,2022,13,Bego,ğŸ¥²
2022-01-27,27,1,2022,13,Bego,ğŸ¥²
2022-01-27,27,1,2022,13,Bego,ğŸ¥²
2022-01-27,27,1,2022,17,Ju,â¤
2022-01-27,27,1,2022,17,Bego,ğŸ¥²
2022-01-27,27,1,2022,17,Bego,ğŸ¥²
2022-01-27,27,1,2022,17,Bego,ğŸ¥²
2022-01-27,27,1,2022,17,Bego,ğŸ¥²
2022-01-27,27,1,2022,17,Bego,ğŸ¥²
2022-01-27,27,1,2022,17,Bego,ğŸ¥²
2022-01-27,27,1,2022,17,Bego,ğŸ¥²
2022-01-27,27,1,2022,19,Bego,â¤
2022-01-27,27,1,2022,19,Ju,ğŸ˜
2022-01-27,27,1,2022,19,Ju,ğŸ˜
2022-01-27,27,1,2022,20,Ju,ğŸ˜‚
2022-01-27,27,1,2022,20,Ju,ğŸ˜‚
2022-01-27,27,1,2022,20,Ju,ğŸ˜‚
2022-01-27,27,1,2022,20,Ju,ğŸ˜‚
2022-01-27,27,1,2022,20,Ju,ğŸ˜‚
2022-01-27,27,1,2022,20,Ju,ğŸ˜‚
2022-01-28,28,1,2022,18,Bego,ğŸˆ
2022-01-28,28,1,2022,18,Bego,ğŸ¢
2022-01-28,28,1,2022,18,Bego,â¬›
2022-01-29,29,1,2022,0,Bego,ğŸ’”
2022-01-29,29,1,2022,10,Ju,â¤
2022-01-29,29,1,2022,10,Ju,â¤
2022-01-29,29,1,2022,10,Ju,â¤
2022-01-29,29,1,2022,10,Ju,â¤
2022-01-29,29,1,2022,10,Ju,â¤
2022-01-29,29,1,2022,10,Ju,â¤
2022-01-29,29,1,2022,14,Bego,â¤
2022-01-29,29,1,2022,14,Bego,â¤
2022-01-29,29,1,2022,14,Bego,â¤
2022-01-29,29,1,2022,14,Bego,â¤
2022-01-29,29,1,2022,14,Bego,â¤
2022-01-29,29,1,2022,14,Bego,â¤
2022-01-29,29,1,2022,14,Bego,â¤
2022-01-29,29,1,2022,14,Bego,â¤
2022-01-29,29,1,2022,14,Bego,â¤
2022-01-29,29,1,2022,14,Bego,â¤
2022-01-29,29,1,2022,15,Ju,â¤
2022-01-02,2,1,2022,9,Bego,ğŸ˜‚
2022-01-02,2,1,2022,10,Ju,ğŸ˜‚
2022-01-02,2,1,2022,10,Ju,ğŸ˜‚
2022-01-02,2,1,2022,10,Ju,ğŸ˜‚
2022-01-02,2,1,2022,10,Ju,ğŸ˜‚
2022-01-02,2,1,2022,19,Ju,ğŸ˜‚
2022-01-02,2,1,2022,19,Bego,ğŸ˜…
2022-03-02,2,3,2022,13,Bego,â¤
2022-03-02,2,3,2022,13,Bego,â¤
2022-10-02,2,10,2022,9,Ju,ğŸ˜»
2022-10-02,2,10,2022,9,Ju,ğŸ˜»
2022-10-02,2,10,2022,11,Bego,ğŸ¥²
2022-10-02,2,10,2022,11,Bego,ğŸ¥²
2022-10-02,2,10,2022,11,Bego,ğŸ¥²
2022-10-02,2,10,2022,11,Bego,ğŸ¥²
2022-10-02,2,10,2022,11,Bego,ğŸ¥²
2022-10-02,2,10,2022,11,Bego,ğŸ˜
2022-10-02,2,10,2022,11,Ju,ğŸ˜‚
2022-10-02,2,10,2022,19,Bego,âœ¨
2022-02-14,14,2,2022,6,Bego,ğŸ™ƒ
2022-02-17,17,2,2022,13,Ju,â¤
2022-02-17,17,2,2022,13,Ju,ğŸ§¡
2022-02-17,17,2,2022,13,Bego,â¤
2022-02-17,17,2,2022,13,Ju,â¤
2022-02-17,17,2,2022,13,Ju,ğŸš€
2022-02-18,18,2,2022,14,Bego,ğŸ˜¬
2022-02-18,18,2,2022,16,Bego,ğŸ¥²
2022-02-18,18,2,2022,16,Ju,ğŸŒ
2022-02-19,19,2,2022,13,Ju,â¤
2022-02-20,20,2,2022,10,Bego,ğŸŒ»
2022-02-20,20,2,2022,10,Bego,ğŸ™ƒ
2022-02-20,20,2,2022,10,Ju,â¤
2022-02-20,20,2,2022,10,Ju,ğŸ¥°
2022-02-20,20,2,2022,10,Ju,ğŸ˜»
2022-02-20,20,2,2022,10,Ju,ğŸ˜»
2022-02-20,20,2,2022,10,Ju,ğŸ˜»
2022-02-22,22,2,2022,11,Ju,ğŸ˜‚
2022-02-22,22,2,2022,11,Ju,ğŸ˜‚
2022-02-22,22,2,2022,11,Ju,ğŸ˜‚
2022-02-22,22,2,2022,11,Ju,ğŸ˜‚
2022-02-22,22,2,2022,11,Ju,ğŸ˜‚
2022-02-23,23,2,2022,9,Ju,ğŸ˜»
2022-02-24,24,2,2022,8,Bego,â¤
2022-02-24,24,2,2022,8,Bego,ğŸ¥²
2022-02-24,24,2,2022,20,Ju,â¤
2022-02-24,24,2,2022,20,Bego,â¤
2022-02-24,24,2,2022,20,Bego,â¤
2022-02-24,24,2,2022,20,Bego,â¤
2022-01-03,3,1,2022,0,Ju,ğŸ¿
2022-01-03,3,1,2022,0,Ju,â›·
2022-01-03,3,1,2022,9,Ju,ğŸ¿
2022-01-03,3,1,2022,9,Ju,â›·
2022-02-03,3,2,2022,14,Bego,â¤
2022-03-03,3,3,2022,14,Ju,â¤
2022-03-03,3,3,2022,14,Ju,â¤
2022-03-03,3,3,2022,14,Ju,â¤
2022-03-03,3,3,2022,14,Ju,â¤
2022-04-03,3,4,2022,10,Bego,ğŸŒ
2022-04-03,3,4,2022,14,Ju,ğŸ¤©
2022-07-03,3,7,2022,13,Ju,â¤
2022-07-03,3,7,2022,13,Ju,â¤
2022-07-03,3,7,2022,13,Ju,â¤
2022-07-03,3,7,2022,18,Bego,ğŸ–¤
2022-08-03,3,8,2022,10,Bego,ğŸ‘‰
2022-08-03,3,8,2022,10,Bego,ğŸ‘ˆ
2022-08-03,3,8,2022,10,Ju,â¤
2022-08-03,3,8,2022,10,Bego,ğŸ™ƒ
2022-08-03,3,8,2022,16,Ju,ğŸ˜‚
2022-08-03,3,8,2022,16,Bego,ğŸ‘¸
2022-08-03,3,8,2022,16,Bego,ğŸ»
2022-08-03,3,8,2022,16,Ju,â¤
2022-11-03,3,11,2022,14,Ju,â¤
2022-11-03,3,11,2022,19,Ju,â¤
2022-03-14,14,3,2022,14,Ju,â¤
2022-03-14,14,3,2022,14,Ju,â¤
2022-03-14,14,3,2022,17,Ju,â¤
2022-03-14,14,3,2022,17,Ju,â¤
2022-03-14,14,3,2022,17,Ju,â¤
2022-03-14,14,3,2022,18,Ju,âœ¨
2022-03-14,14,3,2022,19,Bego,â¤
2022-03-14,14,3,2022,19,Bego,â¤
2022-03-14,14,3,2022,19,Bego,â¤
2022-03-14,14,3,2022,19,Bego,â¤
2022-03-16,16,3,2022,10,Ju,â¤
2022-03-16,16,3,2022,10,Ju,â¤
2022-03-16,16,3,2022,10,Ju,â¤
2022-03-16,16,3,2022,10,Bego,ğŸ–¤
2022-03-16,16,3,2022,10,Bego,ğŸ™ƒ
2022-03-16,16,3,2022,10,Bego,ğŸ–¤
2022-03-17,17,3,2022,8,Bego,ğŸ¥²
2022-03-17,17,3,2022,11,Ju,â¤
2022-03-17,17,3,2022,11,Ju,ğŸ˜‚
2022-03-17,17,3,2022,11,Ju,ğŸ˜‚
2022-03-17,17,3,2022,11,Ju,ğŸ˜‚
2022-03-17,17,3,2022,12,Bego,ğŸ–¤
2022-03-17,17,3,2022,15,Bego,ğŸ–¤
2022-03-17,17,3,2022,15,Bego,ğŸ–¤
2022-03-17,17,3,2022,15,Bego,ğŸ–¤
2022-03-17,17,3,2022,15,Bego,ğŸ–¤
2022-03-17,17,3,2022,15,Bego,ğŸ–¤
2022-03-17,17,3,2022,15,Ju,â¤
2022-03-17,17,3,2022,17,Bego,ğŸ’”
2022-03-17,17,3,2022,17,Bego,ğŸ’”
2022-03-17,17,3,2022,17,Bego,ğŸ’”
2022-03-17,17,3,2022,17,Bego,ğŸ’”
2022-03-17,17,3,2022,17,Bego,ğŸ’”
2022-03-17,17,3,2022,17,Ju,â¤
2022-03-17,17,3,2022,17,Ju,â¤
2022-03-17,17,3,2022,17,Ju,â¤
2022-03-17,17,3,2022,17,Ju,â¤
2022-03-17,17,3,2022,17,Ju,â¤
2022-03-17,17,3,2022,17,Ju,ğŸ˜»
2022-03-18,18,3,2022,14,Ju,â¤
2022-03-18,18,3,2022,14,Ju,â¤
2022-03-18,18,3,2022,14,Ju,â¤
2022-03-18,18,3,2022,15,Bego,ğŸ™ƒ
2022-03-18,18,3,2022,15,Bego,ğŸ™ƒ
2022-03-18,18,3,2022,15,Bego,ğŸ™ƒ
2022-03-18,18,3,2022,15,Bego,ğŸ™ƒ
2022-03-18,18,3,2022,15,Bego,ğŸ™ƒ
2022-03-18,18,3,2022,15,Bego,ğŸ˜­
2022-03-18,18,3,2022,19,Ju,â¤
2022-03-18,18,3,2022,19,Ju,â¤
2022-03-18,18,3,2022,19,Ju,â¤
2022-03-18,18,3,2022,19,Ju,â¤
2022-03-18,18,3,2022,19,Ju,â¤
2022-03-18,18,3,2022,20,Bego,ğŸŒ»
2022-03-19,19,3,2022,15,Bego,â¤
2022-03-19,19,3,2022,15,Bego,â¤
2022-03-19,19,3,2022,15,Bego,â¤
2022-03-21,21,3,2022,8,Bego,ğŸš€
2022-03-21,21,3,2022,16,Ju,â¤
2022-03-21,21,3,2022,16,Ju,â¤
2022-03-22,22,3,2022,10,Ju,ğŸ˜»
2022-03-22,22,3,2022,10,Ju,â¤
2022-03-22,22,3,2022,11,Bego,ğŸ˜­
2022-03-22,22,3,2022,11,Ju,ğŸ˜»
2022-03-22,22,3,2022,11,Ju,ğŸ˜»
2022-03-22,22,3,2022,11,Ju,ğŸ˜»
2022-03-22,22,3,2022,11,Ju,ğŸ˜»
2022-03-22,22,3,2022,11,Ju,ğŸ˜»
2022-03-22,22,3,2022,11,Ju,ğŸ˜»
2022-03-22,22,3,2022,11,Ju,ğŸ˜‚
2022-03-22,22,3,2022,13,Ju,ğŸ’“
2022-03-22,22,3,2022,22,Bego,ğŸ§¢
2022-03-22,22,3,2022,22,Bego,ğŸ¤
2022-03-23,23,3,2022,8,Ju,â¤
2022-03-23,23,3,2022,8,Ju,â¤
2022-03-23,23,3,2022,8,Ju,â¤
2022-03-23,23,3,2022,9,Ju,ğŸ˜‚
2022-03-23,23,3,2022,9,Ju,ğŸ˜‚
2022-03-23,23,3,2022,9,Ju,ğŸ˜‚
2022-03-24,24,3,2022,12,Ju,â¤
2022-03-24,24,3,2022,12,Ju,ğŸ˜‚
2022-03-24,24,3,2022,12,Ju,ğŸ˜‚
2022-03-24,24,3,2022,12,Ju,ğŸ˜‚
2022-03-24,24,3,2022,12,Ju,ğŸ˜‚
2022-03-24,24,3,2022,12,Ju,ğŸ˜‚
2022-03-24,24,3,2022,12,Ju,ğŸ˜‚
2022-03-24,24,3,2022,12,Ju,ğŸ˜‚
2022-03-24,24,3,2022,14,Ju,â¤
2022-03-24,24,3,2022,15,Ju,ğŸ˜»
2022-03-24,24,3,2022,18,Bego,ğŸ™ƒ
2022-03-25,25,3,2022,13,Ju,ğŸ˜‚
2022-03-28,28,3,2022,9,Bego,â¤
2022-03-29,29,3,2022,9,Bego,ğŸ˜»
2022-03-29,29,3,2022,21,Ju,â¤
2022-03-30,30,3,2022,10,Ju,â¤
2022-03-30,30,3,2022,10,Ju,â¤
2022-03-30,30,3,2022,18,Bego,ğŸ–¤
2022-03-31,31,3,2022,8,Bego,ğŸ¥´
2022-01-04,4,1,2022,10,Bego,â˜º
2022-01-04,4,1,2022,19,Ju,â¤
2022-01-04,4,1,2022,20,Ju,ğŸ˜‚
2022-01-04,4,1,2022,20,Ju,ğŸ˜‚
2022-01-04,4,1,2022,20,Ju,ğŸ˜‚
2022-01-04,4,1,2022,20,Ju,ğŸ˜‚
2022-01-04,4,1,2022,20,Ju,ğŸ˜»
2022-03-04,4,3,2022,3,Bego,ğŸ–¤
2022-03-04,4,3,2022,16,Ju,â¤
2022-03-04,4,3,2022,16,Ju,ğŸ˜»
2022-05-04,4,5,2022,10,Ju,âœ¨
2022-06-04,4,6,2022,8,Bego,ğŸ–¤
2022-06-04,4,6,2022,18,Bego,ğŸ–¤
2022-06-04,4,6,2022,22,Ju,ğŸ’–
2022-06-04,4,6,2022,22,Ju,ğŸ’–
2022-06-04,4,6,2022,22,Ju,ğŸ’–
2022-06-04,4,6,2022,22,Ju,ğŸ’–
2022-06-04,4,6,2022,22,Ju,ğŸ’–
2022-08-04,4,8,2022,14,Ju,â¤
2022-08-04,4,8,2022,17,Bego,ğŸ˜»
2022-12-04,4,12,2022,14,Ju,ğŸ˜‚
2022-12-04,4,12,2022,16,Ju,ğŸ˜‚
2022-12-04,4,12,2022,16,Ju,ğŸ˜‚
2022-12-04,4,12,2022,16,Ju,ğŸ˜‚
2022-12-04,4,12,2022,20,Ju,ğŸ˜‚
2022-12-04,4,12,2022,20,Ju,ğŸ˜‚
2022-12-04,4,12,2022,20,Ju,ğŸ˜‚
2022-12-04,4,12,2022,20,Ju,ğŸ˜‚
2022-12-04,4,12,2022,20,Ju,ğŸ˜»
2022-12-04,4,12,2022,20,Ju,âœ¨
2022-12-04,4,12,2022,20,Ju,ğŸ’–
2022-12-04,4,12,2022,22,Ju,â¤
2022-04-13,13,4,2022,14,Bego,ğŸ’©
2022-04-13,13,4,2022,14,Ju,ğŸ˜»
2022-04-13,13,4,2022,14,Ju,ğŸ˜»
2022-04-13,13,4,2022,14,Ju,ğŸ˜»
2022-04-13,13,4,2022,14,Ju,ğŸ˜»
2022-04-13,13,4,2022,16,Ju,ğŸ’€
2022-04-13,13,4,2022,16,Ju,ğŸ¤·
2022-04-14,14,4,2022,9,Ju,ğŸ’›
2022-04-14,14,4,2022,9,Ju,ğŸ˜‚
2022-04-14,14,4,2022,9,Ju,ğŸ˜‚
2022-04-14,14,4,2022,9,Ju,ğŸ˜‚
2022-04-14,14,4,2022,9,Ju,ğŸ˜‚
2022-04-14,14,4,2022,9,Ju,ğŸ˜‚
2022-04-14,14,4,2022,9,Ju,ğŸ˜‚
2022-04-14,14,4,2022,10,Ju,â¤
2022-04-14,14,4,2022,10,Ju,â¤
2022-04-14,14,4,2022,10,Ju,â¤
2022-04-14,14,4,2022,10,Ju,â¤
2022-04-16,16,4,2022,20,Ju,ğŸ˜‚
2022-04-17,17,4,2022,10,Bego,â¤
2022-04-17,17,4,2022,10,Bego,ğŸ–¤
2022-04-17,17,4,2022,12,Ju,ğŸ’•
2022-04-17,17,4,2022,12,Ju,ğŸ’•
2022-04-17,17,4,2022,13,Ju,â¤
2022-04-17,17,4,2022,13,Ju,â¤
2022-04-17,17,4,2022,13,Ju,â¤
2022-04-18,18,4,2022,22,Ju,ğŸ’•
2022-04-19,19,4,2022,19,Ju,â¤
2022-04-19,19,4,2022,19,Ju,â¤
2022-04-19,19,4,2022,19,Ju,â¤
2022-04-20,20,4,2022,11,Bego,ğŸ„
2022-04-20,20,4,2022,11,Ju,ğŸ˜‚
2022-04-20,20,4,2022,11,Ju,ğŸ˜‚
2022-04-21,21,4,2022,11,Ju,ğŸ˜‚
2022-04-21,21,4,2022,11,Ju,ğŸ˜‚
2022-04-21,21,4,2022,11,Ju,ğŸ˜‚
2022-04-21,21,4,2022,12,Ju,ğŸ˜‚
2022-04-21,21,4,2022,12,Ju,ğŸ˜‚
2022-04-21,21,4,2022,12,Ju,ğŸ˜‚
2022-04-21,21,4,2022,12,Ju,ğŸ˜‚
2022-04-21,21,4,2022,12,Ju,ğŸ˜‚
2022-04-21,21,4,2022,12,Ju,ğŸ˜‚
2022-04-21,21,4,2022,12,Ju,ğŸ˜‚
2022-04-21,21,4,2022,12,Ju,ğŸ˜‚
2022-04-21,21,4,2022,12,Ju,ğŸ˜‚
2022-04-21,21,4,2022,15,Bego,ğŸ–¤
2022-04-22,22,4,2022,22,Ju,ğŸ˜‚
2022-04-22,22,4,2022,22,Ju,ğŸ˜‚
2022-04-22,22,4,2022,22,Ju,ğŸ˜‚
2022-04-22,22,4,2022,22,Ju,ğŸ˜‚
2022-04-22,22,4,2022,22,Ju,ğŸ˜‚
2022-04-22,22,4,2022,22,Ju,ğŸ˜‚
2022-04-22,22,4,2022,22,Ju,ğŸ˜‚
2022-04-22,22,4,2022,22,Ju,ğŸ˜‚
2022-04-22,22,4,2022,22,Ju,ğŸ˜‚
2022-04-22,22,4,2022,22,Ju,ğŸ˜‚
2022-04-25,25,4,2022,8,Bego,â¤
2022-04-25,25,4,2022,22,Ju,â¤
2022-04-25,25,4,2022,22,Ju,ğŸ™
2022-04-25,25,4,2022,23,Bego,â¤
2022-04-25,25,4,2022,23,Bego,â¤
2022-04-25,25,4,2022,23,Bego,â¤
2022-04-25,25,4,2022,23,Ju,ğŸ˜‚
2022-04-25,25,4,2022,23,Ju,ğŸ˜‚
2022-04-25,25,4,2022,23,Ju,ğŸ˜‚
2022-04-25,25,4,2022,23,Ju,ğŸ˜‚
2022-04-25,25,4,2022,23,Ju,ğŸ˜‚
2022-04-25,25,4,2022,23,Ju,ğŸ˜‚
2022-04-25,25,4,2022,23,Ju,ğŸ˜µ
2022-04-25,25,4,2022,23,Ju,ğŸ’«
2022-04-25,25,4,2022,23,Ju,ğŸ˜‚
2022-04-25,25,4,2022,23,Ju,ğŸ˜‚
2022-04-25,25,4,2022,23,Ju,ğŸ˜‚
2022-04-25,25,4,2022,23,Ju,ğŸ˜‚
2022-04-25,25,4,2022,23,Ju,ğŸ˜‚
2022-04-25,25,4,2022,23,Ju,ğŸ˜‚
2022-04-25,25,4,2022,23,Ju,ğŸ’•
2022-04-25,25,4,2022,23,Ju,âœ¨
2022-04-26,26,4,2022,8,Bego,ğŸ˜‚
2022-04-26,26,4,2022,8,Bego,ğŸ˜‚
2022-04-26,26,4,2022,8,Bego,ğŸ˜‚
2022-04-26,26,4,2022,8,Bego,ğŸ˜‚
2022-04-26,26,4,2022,11,Ju,ğŸ’–
2022-04-26,26,4,2022,11,Ju,ğŸ’–
2022-04-26,26,4,2022,11,Ju,ğŸ’–
2022-04-26,26,4,2022,11,Ju,ğŸ’–
2022-04-26,26,4,2022,11,Ju,ğŸ˜‚
2022-04-26,26,4,2022,11,Ju,ğŸ˜‚
2022-04-26,26,4,2022,11,Ju,ğŸ˜‚
2022-04-26,26,4,2022,11,Ju,ğŸ˜‚
2022-04-26,26,4,2022,11,Ju,ğŸ˜‚
2022-04-26,26,4,2022,11,Ju,ğŸ˜‚
2022-04-26,26,4,2022,18,Ju,ğŸ’–
2022-04-26,26,4,2022,18,Ju,ğŸ’–
2022-04-26,26,4,2022,18,Ju,ğŸ’–
2022-04-26,26,4,2022,18,Ju,ğŸ’–
2022-04-26,26,4,2022,18,Ju,ğŸ˜»
2022-04-26,26,4,2022,18,Ju,ğŸ’–
2022-04-27,27,4,2022,12,Ju,ğŸ˜‚
2022-04-27,27,4,2022,12,Ju,ğŸ˜‚
2022-04-27,27,4,2022,12,Ju,ğŸ˜‚
2022-04-27,27,4,2022,12,Ju,ğŸ˜‚
2022-04-27,27,4,2022,17,Bego,â¤
2022-04-28,28,4,2022,18,Bego,ğŸ˜
2022-04-29,29,4,2022,9,Ju,ğŸ˜‚
2022-04-29,29,4,2022,9,Ju,ğŸ˜‚
2022-04-29,29,4,2022,9,Ju,ğŸ˜‚
2022-04-29,29,4,2022,9,Ju,ğŸ˜‚
2022-04-30,30,4,2022,13,Ju,ğŸ˜
2022-04-30,30,4,2022,13,Bego,ğŸ’š
2022-04-30,30,4,2022,13,Ju,ğŸ¥°
2022-04-30,30,4,2022,13,Ju,ğŸ¥°
2022-04-30,30,4,2022,13,Ju,ğŸ˜
2022-04-30,30,4,2022,13,Ju,ğŸ˜
2022-04-30,30,4,2022,13,Ju,ğŸ˜
2022-04-30,30,4,2022,13,Ju,ğŸ˜
2022-01-05,5,1,2022,13,Bego,ğŸ§š
2022-06-05,5,6,2022,16,Ju,ğŸ¥º
2022-07-05,5,7,2022,13,Bego,ğŸ–¤
2022-07-05,5,7,2022,13,Bego,ğŸ–¤
2022-07-05,5,7,2022,13,Bego,ğŸ–¤
2022-07-05,5,7,2022,13,Bego,ğŸ–¤
2022-08-05,5,8,2022,10,Ju,ğŸ’–
2022-08-05,5,8,2022,10,Ju,ğŸ’–
2022-08-05,5,8,2022,10,Ju,ğŸ’–
2022-08-05,5,8,2022,10,Ju,ğŸ™ˆ
2022-05-17,17,5,2022,19,Ju,ğŸ’
2022-05-18,18,5,2022,8,Bego,ğŸ–¤
2022-05-19,19,5,2022,13,Ju,ğŸ˜‚
2022-05-19,19,5,2022,19,Ju,ğŸ’–
2022-05-19,19,5,2022,19,Ju,ğŸ’™
2022-05-19,19,5,2022,19,Ju,ğŸ’™
2022-05-19,19,5,2022,19,Ju,ğŸ’™
2022-05-19,19,5,2022,19,Ju,ğŸ’™
2022-05-19,19,5,2022,20,Ju,ğŸ™
2022-05-19,19,5,2022,20,Ju,ğŸ’
2022-05-19,19,5,2022,20,Ju,ğŸ’
2022-05-19,19,5,2022,20,Ju,ğŸ’
2022-05-20,20,5,2022,14,Ju,ğŸ’–
2022-05-20,20,5,2022,15,Bego,ğŸ–¤
2022-05-20,20,5,2022,15,Bego,ğŸ–¤
2022-05-20,20,5,2022,15,Bego,ğŸ–¤
2022-05-20,20,5,2022,15,Bego,ğŸ–¤
2022-05-22,22,5,2022,13,Bego,ğŸ¥
2022-05-22,22,5,2022,17,Ju,ğŸ˜»
2022-05-22,22,5,2022,20,Ju,ğŸ˜‚
2022-05-22,22,5,2022,20,Ju,ğŸ˜‚
2022-05-22,22,5,2022,20,Ju,ğŸ˜‚
2022-05-22,22,5,2022,20,Ju,ğŸ˜‚
2022-05-22,22,5,2022,20,Ju,ğŸ˜‚
2022-05-22,22,5,2022,20,Ju,ğŸ˜‚
2022-05-22,22,5,2022,20,Ju,ğŸ˜‚
2022-05-26,26,5,2022,8,Ju,ğŸ’–
2022-05-26,26,5,2022,20,Ju,ğŸ’–
2022-03-06,6,3,2022,12,Bego,ğŸ˜»
2022-03-06,6,3,2022,12,Bego,ğŸ¥²
2022-06-06,6,6,2022,16,Ju,ğŸ’–
2022-07-06,6,7,2022,13,Ju,ğŸ˜‚
2022-07-06,6,7,2022,13,Ju,ğŸ˜‚
2022-07-06,6,7,2022,13,Ju,ğŸ˜‚
2022-07-06,6,7,2022,13,Ju,ğŸ˜‚
2022-07-06,6,7,2022,13,Ju,ğŸ˜‚
2022-07-06,6,7,2022,13,Ju,ğŸ˜‚
2022-07-06,6,7,2022,13,Ju,ğŸ˜‚
2022-07-06,6,7,2022,13,Ju,ğŸ˜‚
2022-08-06,6,8,2022,18,Ju,â¤
2022-08-06,6,8,2022,18,Ju,âœ¨
2022-08-06,6,8,2022,18,Bego,â¤
2022-08-06,6,8,2022,18,Bego,ğŸ–¤
2022-08-06,6,8,2022,18,Bego,ğŸ–¤
2022-08-06,6,8,2022,18,Bego,ğŸ–¤
2022-08-06,6,8,2022,18,Bego,ğŸ–¤
2022-09-06,6,9,2022,1,Ju,â¤
2022-06-16,16,6,2022,9,Bego,ğŸŒ»
2022-06-16,16,6,2022,9,Bego,ğŸŒ»
2022-06-16,16,6,2022,9,Bego,ğŸŒ»
2022-06-16,16,6,2022,21,Ju,â¤
2022-06-16,16,6,2022,22,Bego,â¤
2022-06-17,17,6,2022,17,Ju,â¤
2022-06-17,17,6,2022,17,Ju,â¤
2022-06-17,17,6,2022,17,Bego,â¤
2022-06-20,20,6,2022,12,Ju,â¤
2022-06-20,20,6,2022,12,Bego,ğŸŒ
2022-06-21,21,6,2022,19,Bego,ğŸ’”
2022-06-23,23,6,2022,14,Ju,ğŸ˜‚
2022-06-23,23,6,2022,15,Ju,ğŸ’•
2022-06-23,23,6,2022,16,Ju,ğŸ’•
2022-06-26,26,6,2022,16,Ju,â¤
2022-06-28,28,6,2022,19,Bego,ğŸ˜‚
2022-06-28,28,6,2022,19,Bego,ğŸ˜‚
2022-06-28,28,6,2022,19,Bego,ğŸ˜‚
2022-06-28,28,6,2022,19,Bego,ğŸ˜‚
2022-06-28,28,6,2022,19,Bego,ğŸ˜‚
2022-06-28,28,6,2022,19,Bego,ğŸ˜‚
2022-06-28,28,6,2022,19,Ju,ğŸ˜‚
2022-06-28,28,6,2022,19,Ju,ğŸ˜‚
2022-06-28,28,6,2022,19,Ju,ğŸ˜‚
2022-06-28,28,6,2022,19,Ju,ğŸ˜‚
2022-06-28,28,6,2022,19,Ju,ğŸ˜‚
2022-06-28,28,6,2022,19,Ju,ğŸ˜‚
2022-06-29,29,6,2022,2,Ju,â¤
2022-06-30,30,6,2022,9,Ju,ğŸ’•
2022-06-30,30,6,2022,9,Bego,â¤
2022-06-30,30,6,2022,10,Ju,â¤
2022-06-30,30,6,2022,23,Ju,ğŸ˜‚
2022-06-30,30,6,2022,23,Bego,â¤
2022-04-07,7,4,2022,22,Ju,ğŸ’•
2022-05-07,7,5,2022,18,Bego,ğŸ–
2022-11-07,7,11,2022,9,Bego,ğŸ¥¹
2022-11-07,7,11,2022,11,Ju,â¤
2022-11-07,7,11,2022,11,Ju,â¤
2022-11-07,7,11,2022,11,Ju,â¤
2022-11-07,7,11,2022,11,Ju,â¤
2022-11-07,7,11,2022,11,Ju,â¤
2022-11-07,7,11,2022,11,Ju,â¤
2022-11-07,7,11,2022,12,Ju,â¤
2022-11-07,7,11,2022,21,Ju,â¤
2022-12-07,7,12,2022,11,Ju,â¤
2022-12-07,7,12,2022,14,Bego,â¤
2022-12-07,7,12,2022,15,Ju,ğŸ˜»
2022-12-07,7,12,2022,15,Ju,ğŸ™ˆ
2022-12-07,7,12,2022,15,Ju,ğŸ˜»
2022-12-07,7,12,2022,15,Ju,ğŸ˜»
2022-12-07,7,12,2022,15,Ju,ğŸ˜»
2022-12-07,7,12,2022,15,Ju,ğŸ˜»
2022-12-07,7,12,2022,15,Ju,ğŸ˜»
2022-07-15,15,7,2022,19,Ju,ğŸ§¡
2022-07-15,15,7,2022,22,Bego,â¤
2022-07-24,24,7,2022,0,Ju,ğŸ˜‚
2022-07-24,24,7,2022,0,Ju,ğŸ˜‚
2022-07-24,24,7,2022,0,Ju,ğŸ¤—
2022-07-24,24,7,2022,0,Ju,ğŸ˜‚
2022-07-24,24,7,2022,0,Ju,ğŸ˜‚
2022-07-24,24,7,2022,0,Ju,â¤
2022-07-24,24,7,2022,1,Bego,ğŸ˜¿
2022-07-24,24,7,2022,14,Bego,â¤
2022-07-24,24,7,2022,14,Ju,â¤
2022-07-25,25,7,2022,16,Ju,â¤
2022-07-25,25,7,2022,18,Ju,â¤
2022-07-25,25,7,2022,18,Ju,â¤
2022-07-25,25,7,2022,18,Ju,â¤
2022-07-25,25,7,2022,18,Ju,â¤
2022-07-25,25,7,2022,18,Bego,ğŸ¥¹
2022-07-25,25,7,2022,18,Bego,â¤
2022-07-25,25,7,2022,18,Bego,â¤
2022-07-25,25,7,2022,18,Bego,â¤
2022-07-26,26,7,2022,17,Ju,ğŸ˜»
2022-07-26,26,7,2022,18,Bego,ğŸ’›
2022-07-26,26,7,2022,18,Ju,ğŸ’›
2022-07-26,26,7,2022,18,Ju,ğŸ˜¹
2022-07-26,26,7,2022,18,Ju,ğŸ˜¹
2022-07-26,26,7,2022,18,Ju,ğŸ˜¹
2022-07-26,26,7,2022,21,Ju,â¤
2022-07-28,28,7,2022,18,Bego,ğŸ’š
2022-07-28,28,7,2022,18,Bego,ğŸ’š
2022-07-28,28,7,2022,18,Bego,ğŸ’š
2022-07-28,28,7,2022,20,Ju,ğŸ˜¹
2022-07-29,29,7,2022,22,Ju,â¤
2022-07-30,30,7,2022,0,Ju,â¤
2022-07-30,30,7,2022,0,Ju,â¤
2022-07-30,30,7,2022,13,Ju,â¤
2022-07-30,30,7,2022,13,Ju,â¤
2022-07-30,30,7,2022,13,Ju,â¤
2022-07-30,30,7,2022,22,Ju,ğŸ˜¹
2022-07-30,30,7,2022,22,Ju,ğŸ˜¹
2022-07-30,30,7,2022,22,Ju,ğŸ˜¹
2022-07-30,30,7,2022,22,Ju,ğŸ˜¹
2022-07-30,30,7,2022,22,Ju,ğŸ˜¹
2022-07-31,31,7,2022,14,Bego,ğŸ˜½
2022-01-08,8,1,2022,9,Ju,âœ¨
2022-01-08,8,1,2022,13,Bego,ğŸ˜½
2022-01-08,8,1,2022,13,Ju,â¤
2022-01-08,8,1,2022,13,Ju,â¤
2022-01-08,8,1,2022,13,Ju,â¤
2022-01-08,8,1,2022,18,Bego,ğŸš€
2022-01-08,8,1,2022,18,Ju,ğŸ˜¹
2022-01-08,8,1,2022,20,Bego,â¤
2022-01-08,8,1,2022,20,Bego,â¤
2022-01-08,8,1,2022,20,Bego,â¤
2022-01-08,8,1,2022,20,Bego,ğŸŒº
2022-01-08,8,1,2022,20,Bego,ğŸŒº
2022-01-08,8,1,2022,20,Bego,ğŸŒº
2022-01-08,8,1,2022,20,Bego,ğŸŒº
2022-01-08,8,1,2022,20,Bego,ğŸŒ·
2022-01-08,8,1,2022,20,Bego,ğŸŒ·
2022-01-08,8,1,2022,20,Bego,ğŸŒ·
2022-01-08,8,1,2022,20,Bego,ğŸ“
2022-01-08,8,1,2022,20,Bego,ğŸ“
2022-01-08,8,1,2022,20,Bego,ğŸ“
2022-01-08,8,1,2022,20,Bego,ğŸŒ¸
2022-01-08,8,1,2022,20,Bego,ğŸŒ¸
2022-01-08,8,1,2022,20,Bego,ğŸŒ¸
2022-10-08,8,10,2022,13,Ju,â¤
2022-11-08,8,11,2022,16,Ju,â¤
2022-11-08,8,11,2022,16,Ju,â¤
2022-11-08,8,11,2022,16,Bego,ğŸš€
2022-11-08,8,11,2022,21,Ju,âœ¨
2022-08-17,17,8,2022,14,Ju,ğŸ˜¹
2022-08-19,19,8,2022,22,Ju,â¤
2022-08-19,19,8,2022,22,Ju,â¤
2022-08-19,19,8,2022,22,Bego,âœ¨
2022-08-19,19,8,2022,22,Ju,â¤
2022-08-19,19,8,2022,22,Ju,â¤
2022-08-22,22,8,2022,13,Ju,ğŸ˜˜
2022-08-22,22,8,2022,23,Bego,ğŸ˜»
2022-08-22,22,8,2022,23,Bego,ğŸ˜»
2022-08-22,22,8,2022,23,Bego,ğŸ˜»
2022-08-22,22,8,2022,23,Bego,ğŸ˜»
2022-08-22,22,8,2022,23,Bego,ğŸ˜»
2022-08-22,22,8,2022,23,Bego,ğŸ˜»
2022-08-23,23,8,2022,15,Ju,ğŸ˜»
2022-08-23,23,8,2022,15,Ju,ğŸ˜»
2022-08-23,23,8,2022,15,Ju,ğŸ˜»
2022-08-24,24,8,2022,14,Ju,ğŸ˜¹
2022-08-24,24,8,2022,14,Ju,ğŸ˜¹
2022-08-24,24,8,2022,14,Ju,â¤
2022-08-24,24,8,2022,14,Ju,â¤
2022-08-24,24,8,2022,14,Ju,ğŸ˜¹
2022-08-24,24,8,2022,14,Ju,â¤
2022-08-24,24,8,2022,14,Ju,ğŸ˜¹
2022-08-24,24,8,2022,14,Ju,ğŸ˜¹
2022-08-24,24,8,2022,14,Ju,ğŸ˜¹
2022-08-24,24,8,2022,14,Ju,ğŸ˜¹
2022-08-24,24,8,2022,14,Ju,ğŸ˜¹
2022-08-24,24,8,2022,14,Ju,ğŸ˜¹
2022-08-24,24,8,2022,14,Ju,ğŸ˜¹
2022-08-29,29,8,2022,12,Ju,ğŸ™ˆ
2022-08-29,29,8,2022,12,Ju,â¤
2022-08-29,29,8,2022,12,Ju,â¤
2022-08-29,29,8,2022,12,Bego,ğŸ˜Œ
2022-08-29,29,8,2022,15,Bego,ğŸ‘¼
2022-08-31,31,8,2022,9,Ju,ğŸ˜»
2022-08-31,31,8,2022,9,Ju,ğŸ˜»
2022-08-31,31,8,2022,9,Ju,ğŸ˜»
2022-08-31,31,8,2022,9,Ju,ğŸ˜»
2022-08-31,31,8,2022,17,Ju,ğŸ˜¹
2022-01-09,9,1,2022,23,Ju,â¤
2022-01-09,9,1,2022,23,Ju,â¤
2022-02-09,9,2,2022,12,Ju,â¤
2022-02-09,9,2,2022,17,Bego,ğŸ¥¹
2022-03-09,9,3,2022,11,Ju,ğŸ˜»
2022-05-09,9,5,2022,21,Ju,ğŸ’–
2022-05-09,9,5,2022,21,Ju,ğŸ’–
2022-05-09,9,5,2022,21,Ju,âœ¨
2022-06-09,9,6,2022,10,Ju,â¤
2022-07-09,9,7,2022,15,Ju,ğŸ¥¹
2022-07-09,9,7,2022,20,Ju,ğŸ’–
2022-08-09,9,8,2022,12,Bego,ğŸ§˜
2022-08-09,9,8,2022,12,Bego,ğŸ»
2022-08-09,9,8,2022,12,Ju,â¤
2022-08-09,9,8,2022,15,Ju,ğŸ˜¹
2022-08-09,9,8,2022,16,Ju,ğŸ˜»
2022-08-09,9,8,2022,16,Ju,â¤
2022-08-09,9,8,2022,16,Bego,â¤
2022-08-09,9,8,2022,16,Ju,ğŸ˜˜
2022-09-09,9,9,2022,20,Bego,ğŸš€
2022-10-09,9,10,2022,10,Ju,ğŸ˜¹
2022-10-09,9,10,2022,12,Ju,ğŸ˜¹
2022-10-09,9,10,2022,12,Ju,ğŸ˜¹
2022-10-09,9,10,2022,12,Ju,ğŸ˜¹
2022-10-09,9,10,2022,12,Bego,ğŸ˜‚
2022-10-09,9,10,2022,12,Bego,ğŸ˜‚
2022-10-09,9,10,2022,12,Bego,ğŸ˜‚
2022-12-09,9,12,2022,10,Bego,ğŸ˜»
2022-12-09,9,12,2022,14,Ju,ğŸ˜¹
2022-12-09,9,12,2022,14,Ju,ğŸ˜¹
2022-12-09,9,12,2022,14,Ju,ğŸ˜¹
2022-12-09,9,12,2022,14,Ju,ğŸ˜¹
2022-12-09,9,12,2022,20,Ju,â¤
2022-12-09,9,12,2022,20,Ju,ğŸ˜»
2022-12-09,9,12,2022,20,Ju,ğŸ’–
2022-12-09,9,12,2022,20,Ju,ğŸ˜¹
2022-12-09,9,12,2022,21,Bego,ğŸ¢
2022-09-13,13,9,2022,20,Ju,ğŸ˜˜
2022-09-17,17,9,2022,12,Ju,ğŸŒ
2022-09-21,21,9,2022,23,Ju,ğŸ’–
2022-09-22,22,9,2022,11,Bego,ğŸ–¤
2022-09-22,22,9,2022,11,Bego,ğŸ¥”
2022-09-22,22,9,2022,11,Bego,ğŸ–¤
2022-09-22,22,9,2022,11,Bego,ğŸ¥º
2022-09-22,22,9,2022,21,Ju,ğŸ˜¹
2022-09-23,23,9,2022,11,Ju,ğŸ˜¹
2022-09-26,26,9,2022,14,Ju,ğŸ˜¹
2022-09-26,26,9,2022,14,Ju,ğŸ˜¹
2022-09-26,26,9,2022,14,Bego,ğŸ˜‚
2022-09-26,26,9,2022,17,Ju,ğŸ˜¹
2022-09-26,26,9,2022,17,Ju,ğŸ˜¹
2022-09-26,26,9,2022,17,Ju,ğŸ˜¹
2022-09-26,26,9,2022,17,Ju,ğŸ’–
2022-09-26,26,9,2022,17,Ju,ğŸ˜¹
2022-09-26,26,9,2022,17,Ju,ğŸ˜¹
2022-09-26,26,9,2022,17,Ju,ğŸ˜¹
2022-09-26,26,9,2022,17,Ju,ğŸ˜¹
2022-09-26,26,9,2022,17,Ju,ğŸ˜¹
2022-09-26,26,9,2022,17,Ju,ğŸ˜¹
2022-09-26,26,9,2022,17,Ju,ğŸ˜¹
2022-09-26,26,9,2022,17,Ju,ğŸ˜¹
2022-09-26,26,9,2022,17,Ju,ğŸ˜¹
2022-09-26,26,9,2022,17,Ju,ğŸ˜¹
2022-09-26,26,9,2022,17,Ju,ğŸ˜¹
2022-09-26,26,9,2022,17,Ju,âœ¨
2022-09-26,26,9,2022,17,Ju,âœ¨
2022-09-26,26,9,2022,17,Ju,âœ¨
2022-09-26,26,9,2022,17,Ju,âœ¨
2022-09-26,26,9,2022,17,Ju,ğŸ˜¹
2022-09-26,26,9,2022,17,Ju,ğŸ˜¹
2022-09-26,26,9,2022,17,Ju,ğŸ˜¹
2022-09-26,26,9,2022,17,Ju,ğŸ˜¹
2022-09-26,26,9,2022,17,Ju,âœ¨
2022-09-26,26,9,2022,17,Ju,ğŸ˜¹
2022-09-26,26,9,2022,17,Ju,âœ¨
2022-09-26,26,9,2022,17,Ju,âœ¨
2022-09-26,26,9,2022,17,Ju,âœ¨
2022-09-26,26,9,2022,17,Ju,âœ¨
2022-09-26,26,9,2022,17,Ju,âœ¨
2022-09-26,26,9,2022,17,Ju,âœ¨
2022-09-26,26,9,2022,17,Ju,ğŸ˜¹
2022-09-26,26,9,2022,17,Ju,ğŸ˜¹
2022-09-26,26,9,2022,17,Ju,ğŸ˜¹
2022-09-26,26,9,2022,17,Ju,ğŸ˜¹
2022-09-26,26,9,2022,17,Ju,ğŸ˜¹
2022-09-26,26,9,2022,17,Ju,ğŸ˜¹
2022-09-26,26,9,2022,17,Ju,ğŸ˜¹
2022-09-26,26,9,2022,17,Ju,ğŸ˜¹
2022-09-27,27,9,2022,15,Ju,ğŸ™
2022-09-28,28,9,2022,10,Ju,ğŸ˜¹
2022-09-28,28,9,2022,14,Ju,ğŸ˜¹
2022-09-28,28,9,2022,14,Bego,ğŸ˜‚
2022-09-28,28,9,2022,16,Ju,ğŸ™ˆ
2022-09-28,28,9,2022,16,Ju,ğŸ˜­
2022-09-28,28,9,2022,16,Ju,ğŸ¥º
2022-09-28,28,9,2022,16,Ju,ğŸ˜¹
2022-09-28,28,9,2022,16,Ju,ğŸ¤—
2022-09-28,28,9,2022,16,Ju,ğŸ˜¹
2022-09-28,28,9,2022,17,Ju,ğŸ˜¹
2022-09-28,28,9,2022,17,Bego,ğŸ˜‚
2022-09-28,28,9,2022,17,Ju,ğŸ™ˆ
2022-09-28,28,9,2022,19,Ju,ğŸ’–
2022-09-28,28,9,2022,20,Bego,âœ…
2022-09-28,28,9,2022,22,Ju,ğŸ’–
2022-09-29,29,9,2022,10,Ju,ğŸ˜¹
2022-09-29,29,9,2022,10,Ju,ğŸ˜¹
2022-09-29,29,9,2022,10,Ju,ğŸ˜¹
2022-09-29,29,9,2022,13,Ju,ğŸ˜­
2022-09-29,29,9,2022,13,Ju,ğŸ™
2022-09-29,29,9,2022,13,Ju,ğŸ˜¹
2022-09-29,29,9,2022,17,Ju,ğŸ¥º
2022-09-29,29,9,2022,19,Ju,ğŸ’–
2022-09-29,29,9,2022,19,Ju,ğŸ˜»
2022-09-29,29,9,2022,19,Ju,ğŸ˜»
2022-09-29,29,9,2022,19,Ju,ğŸ˜»
2022-09-29,29,9,2022,19,Ju,ğŸ˜»
2022-09-29,29,9,2022,20,Ju,â¤
2022-09-29,29,9,2022,20,Ju,ğŸ’–
2022-09-29,29,9,2022,20,Ju,ğŸ¤—
2022-09-29,29,9,2022,20,Ju,ğŸ’–
2022-09-29,29,9,2022,22,Bego,ğŸ˜¼
2022-09-29,29,9,2022,23,Ju,ğŸ˜¹
2022-09-29,29,9,2022,23,Ju,ğŸ˜¹
2022-09-29,29,9,2022,23,Ju,ğŸ˜¹
2022-09-29,29,9,2022,23,Ju,ğŸ˜¹
2022-09-29,29,9,2022,23,Ju,ğŸ˜¹
2022-09-29,29,9,2022,23,Ju,ğŸ˜¹
2022-09-29,29,9,2022,23,Ju,ğŸ˜¹
2022-09-29,29,9,2022,23,Ju,ğŸ˜¹
2022-09-29,29,9,2022,23,Ju,ğŸ˜¹
2022-09-29,29,9,2022,23,Ju,ğŸ˜¹
2022-09-30,30,9,2022,9,Ju,ğŸ˜»
2022-09-30,30,9,2022,9,Ju,ğŸ˜»
2022-09-30,30,9,2022,10,Ju,ğŸ˜¹
2022-09-30,30,9,2022,10,Ju,ğŸ˜¹
2022-09-30,30,9,2022,10,Ju,ğŸ˜¹
2022-01-10,10,1,2022,13,Ju,ğŸ˜¹
2022-01-10,10,1,2022,13,Ju,ğŸ˜¹
2022-01-10,10,1,2022,13,Ju,ğŸ˜¹
2022-01-10,10,1,2022,13,Ju,ğŸ¤—
2022-03-10,10,3,2022,10,Ju,ğŸ˜¹
2022-03-10,10,3,2022,10,Ju,ğŸ˜¹
2022-03-10,10,3,2022,10,Ju,ğŸ˜¹
2022-03-10,10,3,2022,10,Ju,ğŸ˜¹
2022-03-10,10,3,2022,10,Ju,ğŸ˜¹
2022-03-10,10,3,2022,11,Bego,â¤
2022-03-10,10,3,2022,12,Bego,â¤
2022-03-10,10,3,2022,12,Bego,ğŸš€
2022-03-10,10,3,2022,23,Ju,ğŸ˜¹
2022-06-10,10,6,2022,17,Ju,ğŸ˜¹
2022-10-10,10,10,2022,16,Ju,ğŸ’–
2022-10-10,10,10,2022,16,Ju,ğŸ’–
2022-10-10,10,10,2022,16,Ju,ğŸ¦‹
2022-11-10,10,11,2022,17,Ju,ğŸ’–
2022-11-10,10,11,2022,20,Ju,ğŸ˜¹
2022-10-13,13,10,2022,14,Ju,ğŸ’–
2022-10-13,13,10,2022,14,Ju,ğŸ’–
2022-10-14,14,10,2022,19,Ju,ğŸ˜¹
2022-10-27,27,10,2022,14,Ju,â¤
2022-01-11,11,1,2022,12,Bego,ğŸ–¤
2022-11-19,19,11,2022,11,Bego,â¤
2022-11-20,20,11,2022,11,Bego,ğŸ–¤
2022-11-20,20,11,2022,11,Bego,ğŸ–¤
2022-11-20,20,11,2022,11,Bego,ğŸ–¤
2022-11-20,20,11,2022,11,Bego,ğŸ–¤
2022-11-20,20,11,2022,11,Bego,ğŸ–¤
2022-11-30,30,11,2022,18,Bego,â¤
2022-02-12,12,2,2022,21,Bego,ğŸ–¤
2022-03-12,12,3,2022,22,Ju,â¤
2022-03-12,12,3,2022,22,Ju,ğŸ’ƒ
2022-06-12,12,6,2022,21,Bego,ğŸ–¤
2022-06-12,12,6,2022,21,Bego,ğŸŒ
2022-06-12,12,6,2022,21,Ju,ğŸ’«
2022-06-12,12,6,2022,21,Ju,â¤
2022-09-12,12,9,2022,13,Ju,ğŸ˜¹
2022-09-12,12,9,2022,13,Ju,ğŸ˜¹
2022-09-12,12,9,2022,13,Ju,âœ¨
2022-12-13,13,12,2022,11,Ju,ğŸ’“
2022-12-13,13,12,2022,11,Ju,ğŸ’“
2022-12-13,13,12,2022,11,Ju,ğŸ˜¹
2022-12-13,13,12,2022,11,Ju,ğŸ˜¹
2022-12-13,13,12,2022,11,Ju,â¤
2022-12-13,13,12,2022,11,Ju,â¤
2022-12-13,13,12,2022,11,Ju,â¤
2022-12-13,13,12,2022,11,Bego,ğŸ˜‚
2022-12-13,13,12,2022,11,Ju,ğŸ˜¹
2022-12-13,13,12,2022,11,Ju,ğŸ˜¹
2022-12-13,13,12,2022,11,Ju,ğŸ˜¹
2022-12-13,13,12,2022,13,Ju,ğŸ™
2022-12-13,13,12,2022,13,Ju,â¤
2022-12-13,13,12,2022,13,Ju,â¤
2022-12-13,13,12,2022,13,Ju,ğŸ’“
2022-12-13,13,12,2022,13,Ju,â¤
2022-12-15,15,12,2022,16,Ju,â¤
2022-12-19,19,12,2022,19,Ju,â¤
2022-12-19,19,12,2022,19,Ju,ğŸ™…
2022-12-19,19,12,2022,19,Ju,ğŸ»
2022-12-20,20,12,2022,0,Ju,â¤
2022-12-20,20,12,2022,0,Ju,âœ¨
2022-12-20,20,12,2022,21,Ju,ğŸ˜¹
2022-12-20,20,12,2022,21,Ju,ğŸ˜¹
2022-12-20,20,12,2022,21,Ju,ğŸ’«
2022-12-21,21,12,2022,21,Ju,ğŸ˜½
2022-12-21,21,12,2022,21,Ju,ğŸ˜½
2022-12-23,23,12,2022,23,Bego,â¤
2022-12-23,23,12,2022,23,Ju,â¤
2022-12-25,25,12,2022,0,Ju,ğŸ˜½
2022-12-25,25,12,2022,0,Ju,â¤
2022-12-25,25,12,2022,0,Ju,â¤
2022-12-25,25,12,2022,1,Bego,ğŸŒ»
2022-12-25,25,12,2022,1,Bego,ğŸ¥°
2022-12-26,26,12,2022,21,Bego,ğŸ¦­
2022-12-28,28,12,2022,9,Ju,â¤
2022-12-28,28,12,2022,9,Ju,â¤
2022-12-28,28,12,2022,9,Ju,â¤
2022-12-28,28,12,2022,9,Ju,â¤
2022-12-28,28,12,2022,9,Ju,â¤
2022-12-28,28,12,2022,21,Ju,â¤
2022-12-30,30,12,2022,11,Ju,â¤
2022-12-30,30,12,2022,12,Ju,â¤
2023-02-01,1,2,2023,14,Ju,ğŸ’–
2023-02-01,1,2,2023,14,Ju,ğŸ’–
2023-02-01,1,2,2023,14,Ju,ğŸ’–
2023-02-01,1,2,2023,14,Ju,ğŸ’–
2023-01-13,13,1,2023,15,Ju,ğŸ˜¹
2023-01-14,14,1,2023,9,Ju,â¤
2023-01-14,14,1,2023,9,Bego,ğŸ’©
2023-01-15,15,1,2023,0,Bego,ğŸ§š
2023-01-15,15,1,2023,0,Bego,ğŸŒ
2023-01-15,15,1,2023,9,Ju,ğŸ˜¹
2023-01-15,15,1,2023,14,Ju,â¤
2023-01-15,15,1,2023,16,Ju,â¤
2023-01-18,18,1,2023,10,Ju,ğŸ˜¹
2023-01-18,18,1,2023,10,Ju,ğŸ˜¹
2023-01-18,18,1,2023,10,Ju,ğŸ˜¹
2023-01-18,18,1,2023,10,Ju,ğŸ˜¹
2023-01-18,18,1,2023,10,Ju,ğŸ˜¹
2023-01-18,18,1,2023,10,Ju,ğŸ˜¹
2023-01-20,20,1,2023,11,Ju,ğŸ˜¹
2023-01-20,20,1,2023,11,Ju,ğŸ˜¹
2023-01-20,20,1,2023,11,Ju,ğŸ˜¹
2023-01-20,20,1,2023,11,Ju,ğŸ˜¹
2023-01-20,20,1,2023,11,Ju,ğŸ˜¹
2023-01-20,20,1,2023,11,Ju,ğŸ˜¹
2023-01-20,20,1,2023,11,Ju,ğŸ˜¹
2023-01-20,20,1,2023,11,Ju,ğŸ˜¹
2023-01-20,20,1,2023,11,Ju,ğŸ˜¹
2023-01-20,20,1,2023,11,Ju,ğŸ˜¹
2023-01-20,20,1,2023,11,Ju,ğŸ˜¹
2023-01-20,20,1,2023,11,Ju,ğŸ˜¹
2023-01-20,20,1,2023,11,Ju,ğŸ˜¹
2023-01-20,20,1,2023,11,Ju,ğŸ˜¹
2023-01-20,20,1,2023,11,Ju,ğŸ˜¹
2023-01-20,20,1,2023,11,Ju,ğŸ˜¹
2023-01-20,20,1,2023,11,Ju,ğŸ˜¹
2023-01-20,20,1,2023,11,Ju,â¤
2023-01-20,20,1,2023,11,Ju,ğŸ˜¹
2023-01-20,20,1,2023,11,Ju,â¤
2023-01-21,21,1,2023,13,Ju,ğŸ˜¹
2023-01-21,21,1,2023,23,Bego,ğŸ¤£
2023-01-21,21,1,2023,23,Ju,ğŸ˜¹
2023-01-21,21,1,2023,23,Ju,ğŸ˜¹
2023-01-21,21,1,2023,23,Ju,ğŸ˜¹
2023-01-21,21,1,2023,23,Ju,ğŸ˜¹
2023-01-21,21,1,2023,23,Ju,ğŸ˜¹
2023-01-21,21,1,2023,23,Ju,ğŸ˜¹
2023-01-22,22,1,2023,11,Ju,â¤
2023-01-25,25,1,2023,17,Ju,ğŸ˜¹
2023-01-26,26,1,2023,15,Ju,ğŸ˜¹
2023-01-26,26,1,2023,15,Bego,ğŸŒ¼
2023-01-26,26,1,2023,15,Bego,ğŸŒ¼
2023-01-26,26,1,2023,15,Bego,ğŸŒ¼
2023-01-26,26,1,2023,15,Bego,ğŸŒ¼
2023-01-26,26,1,2023,16,Ju,ğŸ˜¹
2023-01-28,28,1,2023,13,Ju,ğŸ˜¹
2023-01-28,28,1,2023,13,Ju,â¤
2023-01-28,28,1,2023,14,Ju,â¤
2023-01-30,30,1,2023,16,Ju,â¤
2023-04-02,2,4,2023,12,Ju,â¤
2023-04-02,2,4,2023,12,Ju,ğŸ’–
2023-02-13,13,2,2023,16,Ju,â˜º
2023-02-14,14,2,2023,22,Bego,ğŸ’«
2023-02-14,14,2,2023,22,Bego,ğŸ’«
2023-02-15,15,2,2023,11,Bego,ğŸ™ƒ
2023-02-15,15,2,2023,11,Ju,ğŸ˜¹
2023-02-15,15,2,2023,16,Bego,â¤
2023-02-17,17,2,2023,15,Bego,ğŸ™ƒ
2023-02-18,18,2,2023,22,Bego,â˜¹
2023-02-20,20,2,2023,13,Bego,ğŸŒ»
2023-02-20,20,2,2023,14,Bego,ğŸ˜‚
2023-02-20,20,2,2023,15,Bego,ğŸ˜‚
2023-02-20,20,2,2023,15,Ju,ğŸ˜¹
2023-02-21,21,2,2023,12,Bego,ğŸ˜‚
2023-02-21,21,2,2023,12,Ju,ğŸ˜¹
2023-02-21,21,2,2023,12,Ju,ğŸ˜¹
2023-02-21,21,2,2023,12,Ju,ğŸ˜¹
2023-02-21,21,2,2023,12,Ju,ğŸ˜¹
2023-02-21,21,2,2023,12,Ju,ğŸ˜¹
2023-02-21,21,2,2023,12,Ju,ğŸ˜¹
2023-02-21,21,2,2023,12,Ju,ğŸ˜¹
2023-02-21,21,2,2023,12,Ju,ğŸ˜¹
2023-02-22,22,2,2023,11,Bego,ğŸ˜‚
2023-02-22,22,2,2023,14,Bego,ğŸ½
2023-02-25,25,2,2023,13,Ju,ğŸ˜¹
2023-02-25,25,2,2023,13,Ju,ğŸ˜¹
2023-02-25,25,2,2023,13,Ju,ğŸ˜¹
2023-02-25,25,2,2023,13,Ju,ğŸ˜¹
2023-02-25,25,2,2023,13,Ju,ğŸ˜¹
2023-02-25,25,2,2023,13,Ju,ğŸ˜¹
2023-02-25,25,2,2023,13,Ju,ğŸ˜¹
2023-02-25,25,2,2023,13,Ju,ğŸ˜¹
2023-02-25,25,2,2023,13,Ju,ğŸ˜¹
2023-02-26,26,2,2023,16,Bego,ğŸ‘€
2023-02-26,26,2,2023,16,Bego,ğŸ‘ƒ
2023-02-26,26,2,2023,16,Ju,ğŸ˜¹
2023-02-26,26,2,2023,16,Ju,ğŸ˜¹
2023-02-26,26,2,2023,16,Ju,ğŸ˜¹
2023-02-26,26,2,2023,16,Ju,ğŸ˜¹
2023-02-26,26,2,2023,16,Ju,ğŸ˜¹
2023-02-26,26,2,2023,16,Ju,ğŸ˜¹
2023-02-26,26,2,2023,16,Ju,ğŸ˜¹
2023-02-26,26,2,2023,16,Ju,ğŸ˜¹
2023-02-26,26,2,2023,16,Ju,â¤
2023-02-26,26,2,2023,16,Ju,ğŸ˜¹
2023-02-27,27,2,2023,18,Ju,ğŸ˜¹
2023-02-28,28,2,2023,23,Ju,ğŸ˜¹
2023-02-28,28,2,2023,23,Ju,ğŸ˜¹
2023-02-28,28,2,2023,23,Ju,ğŸ˜¹
2023-02-28,28,2,2023,23,Ju,ğŸ˜¹
2023-02-28,28,2,2023,23,Ju,ğŸ˜¹
2023-02-28,28,2,2023,23,Ju,ğŸ˜¹
2023-02-28,28,2,2023,23,Ju,ğŸ˜¹
2023-02-28,28,2,2023,23,Ju,ğŸ˜¹
2023-02-28,28,2,2023,23,Bego,ğŸŒ»
2023-01-03,3,1,2023,10,Ju,ğŸ˜¹
2023-01-03,3,1,2023,10,Ju,ğŸ˜¹
2023-01-03,3,1,2023,14,Bego,ğŸ˜»
2023-03-03,3,3,2023,17,Ju,ğŸ˜¹
2023-03-03,3,3,2023,17,Ju,ğŸ˜¹
2023-03-03,3,3,2023,17,Ju,ğŸ˜¹
2023-03-03,3,3,2023,17,Ju,ğŸ˜¹
2023-04-03,3,4,2023,9,Ju,ğŸ˜¹
2023-04-03,3,4,2023,9,Ju,ğŸ˜¹
2023-04-03,3,4,2023,9,Ju,ğŸ˜¹
2023-04-03,3,4,2023,9,Ju,ğŸ˜¹
2023-04-03,3,4,2023,9,Ju,ğŸ˜¹
2023-04-03,3,4,2023,9,Bego,ğŸ
2023-03-13,13,3,2023,11,Ju,ğŸ˜¹
2023-03-13,13,3,2023,11,Ju,ğŸ˜¹
2023-03-13,13,3,2023,11,Ju,ğŸ˜¹
2023-03-13,13,3,2023,11,Ju,ğŸ˜¹
2023-03-13,13,3,2023,11,Ju,ğŸ˜¹
2023-03-13,13,3,2023,11,Ju,ğŸ˜¹
2023-03-13,13,3,2023,11,Ju,ğŸ˜¹
2023-03-13,13,3,2023,11,Ju,ğŸ˜¹
2023-03-16,16,3,2023,13,Ju,â¤
2023-03-20,20,3,2023,18,Ju,ğŸ˜¹
2023-03-21,21,3,2023,0,Ju,â¤
2023-03-21,21,3,2023,16,Bego,ğŸ˜“
2023-03-21,21,3,2023,21,Bego,ğŸ˜…
2023-03-23,23,3,2023,20,Ju,â¤
2023-03-24,24,3,2023,20,Ju,â¤
2023-03-24,24,3,2023,20,Ju,â¤
2023-03-29,29,3,2023,20,Ju,ğŸ˜¹
2023-03-30,30,3,2023,12,Ju,âœ¨
2023-03-30,30,3,2023,12,Ju,âœ¨
2023-03-30,30,3,2023,12,Ju,ğŸ˜»
2023-03-30,30,3,2023,12,Ju,ğŸ’«
2023-03-30,30,3,2023,12,Ju,ğŸ’«
2023-03-30,30,3,2023,12,Ju,ğŸ’«
2023-03-30,30,3,2023,12,Ju,â¤
2023-03-30,30,3,2023,12,Ju,â¤
2023-03-30,30,3,2023,12,Ju,â¤
2023-03-30,30,3,2023,12,Ju,â¤
2023-03-31,31,3,2023,19,Bego,ğŸ–¤
2023-03-31,31,3,2023,20,Ju,ğŸ˜¹
2023-03-31,31,3,2023,20,Ju,â¤
2023-03-31,31,3,2023,20,Ju,â¤
2023-02-04,4,2,2023,4,Ju,ğŸ˜¹
2023-02-04,4,2,2023,4,Ju,ğŸ˜¹
2023-02-04,4,2,2023,4,Ju,ğŸ˜¹
2023-02-04,4,2,2023,4,Ju,ğŸ˜¹
2023-02-04,4,2,2023,4,Ju,ğŸ˜¹
2023-02-04,4,2,2023,4,Ju,ğŸ˜¹
2023-02-04,4,2,2023,4,Ju,ğŸ˜¹
2023-02-04,4,2,2023,4,Ju,ğŸ˜¹
2023-02-04,4,2,2023,4,Ju,ğŸ˜¹
2023-02-04,4,2,2023,4,Ju,ğŸ˜¹
2023-02-04,4,2,2023,4,Ju,ğŸ˜¹
2023-02-04,4,2,2023,4,Ju,ğŸ˜¹
2023-02-04,4,2,2023,4,Ju,ğŸ˜¹
2023-02-04,4,2,2023,4,Ju,ğŸ˜¹
2023-02-04,4,2,2023,4,Ju,ğŸ˜¹
2023-02-04,4,2,2023,4,Ju,ğŸ˜¹
2023-02-04,4,2,2023,4,Ju,ğŸ˜¹
2023-02-04,4,2,2023,4,Ju,ğŸ˜¹
2023-02-04,4,2,2023,4,Ju,ğŸ˜¹
2023-02-04,4,2,2023,11,Ju,ğŸ˜¹
2023-02-04,4,2,2023,11,Ju,ğŸ˜¹
2023-02-04,4,2,2023,11,Ju,ğŸ˜¹
2023-02-04,4,2,2023,11,Ju,ğŸ˜¹
2023-02-04,4,2,2023,12,Ju,ğŸ˜¹
2023-02-04,4,2,2023,12,Ju,ğŸ˜¹
2023-02-04,4,2,2023,12,Ju,ğŸ˜¹
2023-02-04,4,2,2023,12,Ju,ğŸ˜¹
2023-02-04,4,2,2023,13,Ju,â¤
2023-02-04,4,2,2023,14,Ju,â¤
2023-02-04,4,2,2023,17,Ju,ğŸ˜¹
2023-04-04,4,4,2023,21,Bego,ğŸ˜¥
2023-04-13,13,4,2023,10,Ju,ğŸ’–
2023-04-13,13,4,2023,10,Ju,ğŸ˜¹
2023-04-13,13,4,2023,11,Ju,ğŸ˜¹
2023-04-13,13,4,2023,11,Ju,ğŸ˜¹
2023-04-13,13,4,2023,11,Bego,ğŸ˜‚
2023-04-13,13,4,2023,11,Bego,ğŸ˜‚
2023-04-13,13,4,2023,11,Bego,ğŸ˜‚
2023-04-13,13,4,2023,11,Bego,ğŸ˜‚
2023-04-13,13,4,2023,11,Bego,â¤
2023-04-13,13,4,2023,11,Bego,â¤
2023-04-13,13,4,2023,11,Ju,â¤
2023-04-13,13,4,2023,12,Ju,ğŸ˜¹
2023-04-13,13,4,2023,18,Ju,â¤
2023-04-13,13,4,2023,18,Bego,â¤
2023-04-13,13,4,2023,21,Ju,ğŸ˜¹
2023-04-13,13,4,2023,21,Ju,ğŸ˜¹
2023-04-13,13,4,2023,21,Ju,ğŸ˜¹
2023-04-13,13,4,2023,22,Bego,â¤
2023-04-13,13,4,2023,22,Ju,â¤
2023-04-14,14,4,2023,18,Ju,ğŸ˜¹
2023-04-14,14,4,2023,18,Ju,ğŸ˜¹
2023-04-16,16,4,2023,18,Ju,â¤
2023-04-16,16,4,2023,18,Ju,â¤
2023-04-16,16,4,2023,18,Ju,â¤
2023-04-16,16,4,2023,22,Ju,ğŸ˜¹
2023-04-16,16,4,2023,22,Ju,ğŸ˜¹
2023-04-16,16,4,2023,22,Bego,ğŸ”
2023-04-16,16,4,2023,22,Ju,ğŸ˜¹
2023-04-16,16,4,2023,22,Ju,ğŸ˜¹
2023-04-16,16,4,2023,22,Ju,ğŸ˜¹
2023-04-16,16,4,2023,22,Ju,ğŸ˜¹
2023-04-18,18,4,2023,19,Bego,ğŸ–¤
2023-04-18,18,4,2023,21,Bego,ğŸ˜‚
2023-04-18,18,4,2023,21,Ju,ğŸ˜¹
2023-04-18,18,4,2023,21,Ju,ğŸ˜¹
2023-04-18,18,4,2023,21,Ju,ğŸ˜¹
2023-04-18,18,4,2023,21,Ju,ğŸ˜¹
2023-04-18,18,4,2023,21,Ju,ğŸ˜¹
2023-04-18,18,4,2023,21,Ju,ğŸ˜¹
2023-04-18,18,4,2023,21,Ju,ğŸ˜¹
2023-04-21,21,4,2023,18,Bego,â¤
2023-04-21,21,4,2023,18,Ju,ğŸ˜¹
